Doc Num,Doc Type,Cat,Cat Label,Filed,Owner,Grantee,Amount,Prop Address,Prop City,Prop State,Prop Zip,Mail Address,Mail City,Mail State,Mail Zip,Legal,Clerk Url,Score,Flags,Date Entered System,Status
2026PC0446,Letters Testamentary,PRO,Letters Testamentary,2026-10-05,"Anthony Wayne Cloudt, Jr.",,951290.0,10310 HUNTERS PATH,New Braunfels,TX,78132,10310 HUNTERS PATH,New Braunfels,TX,78132,County Court at Law 3 - PB ACTIVE PENDING,http://public.co.comal.tx.us/CaseDetail.aspx?CaseID=1171961,67,PROBATE|HIGH_AMOUNT|NEW_THIS_WEEK|HAS_ADDRESS,2026-10-07,NEW
D426821,Debt Claim,JUD,Debt Suit,2026-10-01,Misti Bruton,Jefferson Capital Systems Llc,1483070.0,2235 DEER RUN RDG,New Braunfels,TX,78132,2235 DEER RUN RDG,New Braunfels,TX,78132,JP4 - Filed,http://public.co.comal.tx.us/CaseDetail.aspx?CaseID=1171866,63,JUDGMENT|HIGH_AMOUNT|NEW_THIS_WEEK|HAS_ADDRESS,2026-10-07,NEW
C2026-1188E,Suits on Debt,JUD,Debt Suit,2026-10-02,John Ortega,M&T BANK,782740.0,110 LANTANA ORR,Spring Branch,TX,78266,110 LANTANA ORR,Spring Branch,TX,78070,466th District Court - Filed,http://public.co.comal.tx.us/CaseDetail.aspx?CaseID=1172042,63,JUDGMENT|HIGH_AMOUNT|NEW_THIS_WEEK|HAS_ADDRESS,2026-10-07,NEW
2026CV0646,Suits on Debt,JUD,Debt Suit,2026-10-05,Jeffrey Washburn,Velocity Investments LLC,428000.0,3529 MARVEL,Bulverde,TX,78163,3529 MARVEL,Bulverde,TX,78163,County Court at Law 1 - Filed,http://public.co.comal.tx.us/CaseDetail.aspx?CaseID=1171880,63,JUDGMENT|HIGH_AMOUNT|NEW_THIS_WEEK|HAS_ADDRESS,2026-10-07,NEW
2026CV0647,Suits on Debt,JUD,Debt Suit,2026-10-05,Yadira Medina,Velocity Investments LLC,734280.0,111 CRANE,Spring Branch,TX,78070,111 CRANE CIR,Spring Branch,TX,78070,County Court at Law 2 - Filed,http://public.co.comal.tx.us/CaseDetail.aspx?CaseID=1171883,63,JUDGMENT|HIGH_AMOUNT|NEW_THIS_WEEK|HAS_ADDRESS,2026-10-07,NEW
D3261148,Debt Claim,JUD,Debt Suit,2026-10-05,Tracey Pacheco,"Portfolio Recovery Associates, Llc",389730.0,715 MYRTLE PATH,New Braunfels,TX,78130,715 MYRTLE PATH,New Braunfels,TX,78130,JP3 - Filed,http://public.co.comal.tx.us/CaseDetail.aspx?CaseID=1171834,63,JUDGMENT|HIGH_AMOUNT|NEW_THIS_WEEK|HAS_ADDRESS,2026-10-07,NEW
C2026-1189A,Suits on Debt,JUD,Debt Suit,2026-10-06,BRANDON KENNEDY,Lafayette Federal Credit Union,542910.0,2104 GEORGIA,New Braunfels,TX,78132,2104 GEORGIA LANE,New Braunfels,TX,78130,22nd District Court - Filed,http://public.co.comal.tx.us/CaseDetail.aspx?CaseID=1172045,63,JUDGMENT|HIGH_AMOUNT|NEW_THIS_WEEK|HAS_ADDRESS,2026-10-07,NEW
D226890,Debt Claim,JUD,Debt Suit,2026-10-06,Willie Evans,"JPMorgan Chase Bank, N.A.",912110.0,8502 TUSCAN HILLS,San Antonio,TX,78266,8502 TUSCAN HILLS DR,Garden Ridge,TX,78266,JP2 - Filed,http://public.co.comal.tx.us/CaseDetail.aspx?CaseID=1172072,63,JUDGMENT|HIGH_AMOUNT|NEW_THIS_WEEK|HAS_ADDRESS,2026-10-07,NEW
D3261156,Debt Claim,JUD,Debt Suit,2026-10-06,Matthew Flinn,Jpmorgan Chase Bank N.a.,350480.0,1118 STONE ARCH,New Braunfels,TX,78130,1118 STONE ARCH,New Braunfels,TX,78130,JP3 - Filed,http://public.co.comal.tx.us/CaseDetail.aspx?CaseID=1172095,63,JUDGMENT|HIGH_AMOUNT|NEW_THIS_WEEK|HAS_ADDRESS,2026-10-07,NEW
D3261157,Debt Claim,JUD,Debt Suit,2026-10-06,Larry Dorough,Jpmorgan Chase Bank N.a.,453580.0,5742 HURON DR,New Braunfels,TX,78130,5742 HURON DR,New Braunfels,TX,78130,JP3 - Filed,http://public.co.comal.tx.us/CaseDetail.aspx?CaseID=1172096,63,JUDGMENT|HIGH_AMOUNT|NEW_THIS_WEEK|HAS_ADDRESS,2026-10-07,NEW
2026PC0448,Letters Testamentary,PRO,Letters Testamentary,2026-10-06,Donald Wayne Kiesling,,358570.0,,,TX,,1053 SIXTREE DRIVE,New Braunfels,TX,78130,County Court at Law 2 - PB ACTIVE PENDING,http://public.co.comal.tx.us/CaseDetail.aspx?CaseID=1172035,62,PROBATE|HIGH_AMOUNT|NEW_THIS_WEEK,2026-10-07,NEW
D426812,Debt Claim,JUD,Debt Suit,2026-09-30,Cache Carver,Portfolio Recovery Associates Llc,417440.0,1635 ROCKY RIDGE,Canyon Lake,TX,78133,1635 ROCKY RIDGE LOOP,Canyon Lake,TX,78133,JP4 - Filed,http://public.co.comal.tx.us/CaseDetail.aspx?CaseID=1171847,58,JUDGMENT|HIGH_AMOUNT|HAS_ADDRESS,2026-10-07,NEW
D426822,Debt Claim,JUD,Debt Suit,2026-10-02,Justin Nixon,Jefferson Capital Systems Llc,272930.0,,,TX,,1592 RIMROCK CV,Spring Branch,TX,78070,JP4 - Filed,http://public.co.comal.tx.us/CaseDetail.aspx?CaseID=1171872,58,JUDGMENT|HIGH_AMOUNT|NEW_THIS_WEEK,2026-10-07,NEW
D426825,Debt Claim,JUD,Debt Suit,2026-10-02,Charles Garcia,Synchrony Bank,459040.0,,,TX,,825 HANCOCK RD,Canyon Lake,TX,78133,JP4 - Filed,http://public.co.comal.tx.us/CaseDetail.aspx?CaseID=1171890,58,JUDGMENT|HIGH_AMOUNT|NEW_THIS_WEEK,2026-10-07,NEW
D226887,Debt Claim,JUD,Debt Suit,2026-10-06,DUSTIN MOCK COOKSEY AKA DUSTIN MOCK COOKSEY,"MIDLAND CREDIT MANAGEMENT, INC",293370.0,,,TX,,1936 BROOK BEND,New Braunfels,TX,78130,JP2 - Filed,http://public.co.comal.tx.us/CaseDetail.aspx?CaseID=1172015,58,JUDGMENT|HIGH_AMOUNT|NEW_THIS_WEEK,2026-10-07,NEW
D226889,Debt Claim,JUD,Debt Suit,2026-10-06,ROBERT L SNOW III,"JPMorgan Chase Bank, N.A.",953730.0,,,TX,,9610 KOPPLIN RD,New Braunfels,TX,78132,JP2 - Filed,http://public.co.comal.tx.us/CaseDetail.aspx?CaseID=1172037,58,JUDGMENT|HIGH_AMOUNT|NEW_THIS_WEEK,2026-10-07,NEW
D3261155,Debt Claim,JUD,Debt Suit,2026-10-06,Mark Brown,Jpmorgan Chase Bank N.a.,450200.0,,,TX,,2925 TUABER,New Braunfels,TX,78130,JP3 - Filed,http://public.co.comal.tx.us/CaseDetail.aspx?CaseID=1172089,58,JUDGMENT|HIGH_AMOUNT|NEW_THIS_WEEK,2026-10-07,NEW
D426813,Debt Claim,JUD,Debt Suit,2026-09-30,Patrick Smith,Bank Of America N.a.,496280.0,,,TX,,1400 KNOLL SCHWOPE RD,Spring Branch,TX,78070,JP4 - Filed,http://public.co.comal.tx.us/CaseDetail.aspx?CaseID=1171848,53,JUDGMENT|HIGH_AMOUNT,2026-10-07,NEW
D426814,Debt Claim,JUD,Debt Suit,2026-09-30,Patrick Smith,Bank Of America N.a.,496280.0,,,TX,,1400 KNOLL SCHWOPE RD,Spring Branch,TX,78070,JP4 - Filed,http://public.co.comal.tx.us/CaseDetail.aspx?CaseID=1171850,53,JUDGMENT|HIGH_AMOUNT,2026-10-07,NEW
D426816,Debt Claim,JUD,Debt Suit,2026-09-30,Stephen Wiggins,Lvnv Funding Llc,74150.0,2490 WESTERN SKIES,Spring Branch,TX,78070,2490 WESTERN SKIES,Spring Branch,TX,78070,JP4 - Filed,http://public.co.comal.tx.us/CaseDetail.aspx?CaseID=1171853,53,JUDGMENT|MID_AMOUNT|HAS_ADDRESS,2026-10-07,NEW
C2026-1178B,Real Property,LP,Real Property Suit,2026-10-02,Comal Appraisal District,Ubetcha Storage 2 LLC (Rodeo Self Storage),0.0,,,TX,,,,TX,,207th District Court - Filed,http://public.co.comal.tx.us/CaseDetail.aspx?CaseID=1171944,50,LIS_PENDENS|NEW_THIS_WEEK,2026-10-07,NEW
C2026-1185E,Real Property,LP,Real Property Suit,2026-10-05,The Unknown Heirs at law of Dylan Scott Lecompte-Diggins,Idaho Housing and Finance Association,0.0,,,TX,,,,TX,,466th District Court - Filed,http://public.co.comal.tx.us/CaseDetail.aspx?CaseID=1172030,50,LIS_PENDENS|NEW_THIS_WEEK,2026-10-07,NEW
2026PC0447,Letters Testamentary,PRO,Letters Testamentary,2026-10-06,"George Jefferson Van Kleef,AKA GEORGE J VAN KLEEF",,0.0,,,TX,,,,TX,,County Court at Law 1 - PB ACTIVE PENDING,http://public.co.comal.tx.us/CaseDetail.aspx?CaseID=1172007,47,PROBATE|NEW_THIS_WEEK,2026-10-07,NEW
2026PC0449,Letters Testamentary,PRO,Letters Testamentary,2026-10-06,LESLIE CARL THOMPSON,,0.0,,,TX,,,,TX,,County Court at Law 3 - PB ACTIVE PENDING,http://public.co.comal.tx.us/CaseDetail.aspx?CaseID=1172140,47,PROBATE|NEW_THIS_WEEK,2026-10-07,NEW
D426818,Debt Claim,JUD,Debt Suit,2026-10-01,Patrick Horner,"Ceteris Portfolio Services,llc",20580.0,,,TX,,229 RIDGEROCK DR,Canyon Lake,TX,78133,JP4 - Filed,http://public.co.comal.tx.us/CaseDetail.aspx?CaseID=1171859,43,JUDGMENT|NEW_THIS_WEEK,2026-10-07,NEW
D426819,Debt Claim,JUD,Debt Suit,2026-10-01,Albert D-antin,"Td Bank Usa, N.a.",0.0,,,TX,,,,TX,,JP4 - Filed,http://public.co.comal.tx.us/CaseDetail.aspx?CaseID=1171864,43,JUDGMENT|NEW_THIS_WEEK,2026-10-07,NEW
D426820,Debt Claim,JUD,Debt Suit,2026-10-01,Emily Luke,"Hs Financial Group, Llc",0.0,,,TX,,,,TX,,JP4 - Filed,http://public.co.comal.tx.us/CaseDetail.aspx?CaseID=1171865,43,JUDGMENT|NEW_THIS_WEEK,2026-10-07,NEW
C2026-1174D,Suits on Debt,JUD,Debt Suit,2026-10-02,Andrew Sheffer,21st Mortgage Corporation,0.0,,,TX,,,,TX,,433rd District Court - Filed,http://public.co.comal.tx.us/CaseDetail.aspx?CaseID=1171924,43,JUDGMENT|NEW_THIS_WEEK,2026-10-07,NEW
D426823,Debt Claim,JUD,Debt Suit,2026-10-02,Christina Kiesel,Midland Credit Management Inc.,0.0,,,TX,,,,TX,,JP4 - Filed,http://public.co.comal.tx.us/CaseDetail.aspx?CaseID=1171877,43,JUDGMENT|NEW_THIS_WEEK,2026-10-07,NEW
D426824,Debt Claim,JUD,Debt Suit,2026-10-02,Mollie Striednig,Midland Credit Management Inc.,0.0,,,TX,,,,TX,,JP4 - Filed,http://public.co.comal.tx.us/CaseDetail.aspx?CaseID=1171886,43,JUDGMENT|NEW_THIS_WEEK,2026-10-07,NEW
D3261145,Debt Claim,JUD,Debt Suit,2026-10-02,Irene Flores,"Cks Prime Investments, Llc",0.0,,,TX,,,,TX,,JP3 - Filed,http://public.co.comal.tx.us/CaseDetail.aspx?CaseID=1171763,43,JUDGMENT|NEW_THIS_WEEK,2026-10-07,NEW
D3261146,Debt Claim,JUD,Debt Suit,2026-10-02,Megan Warren Keel,Portfolio Recovery Associates Llc,0.0,,,TX,,,,TX,,JP3 - Filed,http://public.co.comal.tx.us/CaseDetail.aspx?CaseID=1171765,43,JUDGMENT|NEW_THIS_WEEK,2026-10-07,NEW
D3261147,Debt Claim,JUD,Debt Suit,2026-10-02,DEANTE MOORE,MIDLAND CREDIT MANAGEMENT INC.,0.0,,,TX,,,,TX,,JP3 - Filed,http://public.co.comal.tx.us/CaseDetail.aspx?CaseID=1171833,43,JUDGMENT|NEW_THIS_WEEK,2026-10-07,NEW
2026CV0645,Suits on Debt,JUD,Debt Suit,2026-10-05,Anthony Suarez,MIDLAND CREDIT MANAGEMENT INC,0.0,,,TX,,,,TX,,County Court at Law 3 - Filed,http://public.co.comal.tx.us/CaseDetail.aspx?CaseID=1171878,43,JUDGMENT|NEW_THIS_WEEK,2026-10-07,NEW
D226886,Debt Claim,JUD,Debt Suit,2026-10-05,Tammy Badeaux,Credit Corp Solutions Inc,0.0,,,TX,,,,TX,,JP2 - Filed,http://public.co.comal.tx.us/CaseDetail.aspx?CaseID=1171948,43,JUDGMENT|NEW_THIS_WEEK,2026-10-07,NEW
D3261149,Debt Claim,JUD,Debt Suit,2026-10-05,Cynthia Berry,Jefferson Capital Systems Llc,0.0,,,TX,,,,TX,,JP3 - Filed,http://public.co.comal.tx.us/CaseDetail.aspx?CaseID=1171945,43,JUDGMENT|NEW_THIS_WEEK,2026-10-07,NEW
D3261150,Debt Claim,JUD,Debt Suit,2026-10-05,Roland Walker Iii,Bank Of America N.a.,0.0,,,TX,,,,TX,,JP3 - Filed,http://public.co.comal.tx.us/CaseDetail.aspx?CaseID=1171946,43,JUDGMENT|NEW_THIS_WEEK,2026-10-07,NEW
D3261151,Debt Claim,JUD,Debt Suit,2026-10-05,Ray Perkins,"Citibank, N.a.",0.0,,,TX,,,,TX,,JP3 - Filed,http://public.co.comal.tx.us/CaseDetail.aspx?CaseID=1171952,43,JUDGMENT|NEW_THIS_WEEK,2026-10-07,NEW
D3261152,Debt Claim,JUD,Debt Suit,2026-10-05,Cindy Morales,"Capital One, N.a., Successor By Merger To Discover Bank",0.0,,,TX,,,,TX,,JP3 - Filed,http://public.co.comal.tx.us/CaseDetail.aspx?CaseID=1171959,43,JUDGMENT|NEW_THIS_WEEK,2026-10-07,NEW
D226888,Debt Claim,JUD,Debt Suit,2026-10-06,SANDRA HART-CARLSON,"CITIBANK, N.A.",0.0,,,TX,,,,TX,,JP2 - Filed,http://public.co.comal.tx.us/CaseDetail.aspx?CaseID=1172017,43,JUDGMENT|NEW_THIS_WEEK,2026-10-07,NEW
D226891,Debt Claim,JUD,Debt Suit,2026-10-06,RANDAL BUTLER,"MIDLAND CREDIT MANAGEMENT, INC",0.0,,,TX,,,,TX,,JP2 - Filed,http://public.co.comal.tx.us/CaseDetail.aspx?CaseID=1172107,43,JUDGMENT|NEW_THIS_WEEK,2026-10-07,NEW
D226892,Debt Claim,JUD,Debt Suit,2026-10-06,Brandi White,"MIDLAND CREDIT MANAGEMENT, INC",0.0,,,TX,,,,TX,,JP2 - Filed,http://public.co.comal.tx.us/CaseDetail.aspx?CaseID=1172110,43,JUDGMENT|NEW_THIS_WEEK,2026-10-07,NEW
D226893,Debt Claim,JUD,Debt Suit,2026-10-06,Joseph Lopez,Jpmorgan Chase Bank N.a.,0.0,,,TX,,,,TX,,JP2 - Filed,http://public.co.comal.tx.us/CaseDetail.aspx?CaseID=1172111,43,JUDGMENT|NEW_THIS_WEEK,2026-10-07,NEW
D226894,Debt Claim,JUD,Debt Suit,2026-10-06,Julie Boothe,Jpmorgan Chase Bank N.a.,0.0,,,TX,,,,TX,,JP2 - Filed,http://public.co.comal.tx.us/CaseDetail.aspx?CaseID=1172112,43,JUDGMENT|NEW_THIS_WEEK,2026-10-07,NEW
D3261153,Debt Claim,JUD,Debt Suit,2026-10-06,Rikki Elizalde,Midland Credit Management Inc.,0.0,,,TX,,,,TX,,JP3 - Filed,http://public.co.comal.tx.us/CaseDetail.aspx?CaseID=1171991,43,JUDGMENT|NEW_THIS_WEEK,2026-10-07,NEW
D3261154,Debt Claim,JUD,Debt Suit,2026-10-06,Janice Acevedo,Jefferson Capital Systems Llc,0.0,,,TX,,,,TX,,JP3 - Filed,http://public.co.comal.tx.us/CaseDetail.aspx?CaseID=1171992,43,JUDGMENT|NEW_THIS_WEEK,2026-10-07,NEW
D3261158,Debt Claim,JUD,Debt Suit,2026-10-06,Osvaldo Garcia,"Portfolio Recovery Associates, Llc",0.0,,,TX,,,,TX,,JP3 - Filed,http://public.co.comal.tx.us/CaseDetail.aspx?CaseID=1172113,43,JUDGMENT|NEW_THIS_WEEK,2026-10-07,NEW
D3261159,Debt Claim,JUD,Debt Suit,2026-10-06,Monica Reidland,"Portfolio Recovery Associates, Llc",0.0,,,TX,,,,TX,,JP3 - Filed,http://public.co.comal.tx.us/CaseDetail.aspx?CaseID=1172115,43,JUDGMENT|NEW_THIS_WEEK,2026-10-07,NEW
D426807,Debt Claim,JUD,Debt Suit,2026-09-30,"Matthew Walbeck,Michelle Walbeck","Carmax Business Services, Llc D/b/a Carmax Auto Finance",0.0,,,TX,,,,TX,,JP4 - Filed,http://public.co.comal.tx.us/CaseDetail.aspx?CaseID=1171839,38,JUDGMENT,2026-10-07,NEW
D426808,Debt Claim,JUD,Debt Suit,2026-09-30,Melissa Ivicic,Jefferson Capital Systems Llc,0.0,,,TX,,,,TX,,JP4 - Filed,http://public.co.comal.tx.us/CaseDetail.aspx?CaseID=1171840,38,JUDGMENT,2026-10-07,NEW
D426809,Debt Claim,JUD,Debt Suit,2026-09-30,Melissa Kolman,"Bank of America, N.A.",0.0,,,TX,,,,TX,,JP4 - Filed,http://public.co.comal.tx.us/CaseDetail.aspx?CaseID=1171841,38,JUDGMENT,2026-10-07,NEW
D426810,Debt Claim,JUD,Debt Suit,2026-09-30,Melissa Kolman,"Bank of America, N.A.",0.0,,,TX,,,,TX,,JP4 - Filed,http://public.co.comal.tx.us/CaseDetail.aspx?CaseID=1171842,38,JUDGMENT,2026-10-07,NEW
D426811,Debt Claim,JUD,Debt Suit,2026-09-30,Barbara Deutinger,Portfolio Recovery Associates Llc,0.0,,,TX,,,,TX,,JP4 - Filed,http://public.co.comal.tx.us/CaseDetail.aspx?CaseID=1171845,38,JUDGMENT,2026-10-07,NEW
D426815,Debt Claim,JUD,Debt Suit,2026-09-30,Nicole Forehand,Lvnv Funding Llc,0.0,,,TX,,,,TX,,JP4 - Filed,http://public.co.comal.tx.us/CaseDetail.aspx?CaseID=1171851,38,JUDGMENT,2026-10-07,NEW
D426817,Debt Claim,JUD,Debt Suit,2026-09-30,Bradley Nichols,Portfolio Recovery Associates Llc,0.0,,,TX,,,,TX,,JP4 - Filed,http://public.co.comal.tx.us/CaseDetail.aspx?CaseID=1171855,38,JUDGMENT,2026-10-07,NEW
FCPDF-October-p5,NOTICE OF TRUSTEE SALE,FC,Trustee Sale 2022-08-09,2026-10-07,Churchill,,700680.0,507 Denali Pass,,TX,,1259 LOOP 337 STE 300,New Braunfels,TX,78130,"Trustee sale date: 2022-08-09. OCR of posted notice, page 5",https://www.comalcounty.gov/DocumentCenter/View/8505/October-Foreclosure-Sales,75,FORECLOSURE|HIGH_AMOUNT|NEW_THIS_WEEK|HAS_ADDRESS,2026-09-26,CHANGED
FCPDF-October-p15,NOTICE OF TRUSTEE SALE,FC,Trustee Sale 2026-09-10,2026-10-07,Psalm,,273000.0,8101 Boat Club Road,,TX,,7700 BROADWAY STREET,San Antonio,TX,78209,"Trustee sale date: 2026-09-10. OCR of posted notice, page 15",https://www.comalcounty.gov/DocumentCenter/View/8505/October-Foreclosure-Sales,75,FORECLOSURE|HIGH_AMOUNT|NEW_THIS_WEEK|HAS_ADDRESS,2026-09-26,CHANGED
FCPDF-October-p24,NOTICE OF TRUSTEE SALE,FC,Trustee Sale 2023-10-03,2026-10-07,Jesus Americo Guerrero Garcia,,306560.0,861 Green Castle Place,Canyon Lake,TX,78133,736 SWEETGRASS,New Braunfels,TX,78130,"Trustee sale date: 2023-10-03. OCR of posted notice, page 24",https://www.comalcounty.gov/DocumentCenter/View/8505/October-Foreclosure-Sales,75,FORECLOSURE|HIGH_AMOUNT|NEW_THIS_WEEK|HAS_ADDRESS,2026-09-26,CHANGED
FCPDF-October-p58,NOTICE OF TRUSTEE SALE,FC,Trustee Sale Posting,2026-10-07,FORTUNE,,1353250.0,3138 E Elwood St,,TX,,11409 SHOREVIEW OVERLOOK,Austin,TX,78732,"OCR of posted notice, page 58",https://www.comalcounty.gov/DocumentCenter/View/8505/October-Foreclosure-Sales,75,FORECLOSURE|HIGH_AMOUNT|NEW_THIS_WEEK|HAS_ADDRESS,2026-09-26,CHANGED
D226885,Debt Claim,JUD,Debt Suit,2026-10-01,Robert Badeaux,Credit Corp Solutions Inc,437730.0,524 MEADOW WIND,New Braunfels,TX,78132,524 MEADOW WIND,New Braunfels,TX,78132,JP2 - Filed,http://public.co.comal.tx.us/CaseDetail.aspx?CaseID=1171758,63,JUDGMENT|HIGH_AMOUNT|NEW_THIS_WEEK|HAS_ADDRESS,2026-10-04,EXISTING
D3261140,Debt Claim,JUD,Debt Suit,2026-10-01,SERGIO GONZALEZ,"Capital One, N.a., Successor By Merger To Discover Bank",244990.0,6304 BEGONIA,New Braunfels,TX,78132,6304 BEGONIA,New Braunfels,TX,78132,JP3 - Filed,http://public.co.comal.tx.us/CaseDetail.aspx?CaseID=1171687,63,JUDGMENT|HIGH_AMOUNT|NEW_THIS_WEEK|HAS_ADDRESS,2026-10-02,EXISTING
2026PC0363,Administration-Independent,PRO,Administration-Independent,2026-08-10,Linda Kay Ohanian,,413980.0,30902 BUCK,Bulverde,TX,78163,30902 BUCK LANE,Bulverde,TX,78163,County Court at Law 3 - PB ACTIVE PENDING,http://public.co.comal.tx.us/CaseDetail.aspx?CaseID=1165485,62,PROBATE|HIGH_AMOUNT|HAS_ADDRESS,2026-09-26,EXISTING
2026PC0364,Letters Testamentary,PRO,Letters Testamentary,2026-08-10,Patricia Ann Barrett,,314440.0,5615 BRIAR KNOLL,New Braunfels,TX,78132,5615 BRIAR KNL,New Braunfels,TX,78132,County Court at Law 1 - PB ACTIVE NON - PENDING,http://public.co.comal.tx.us/CaseDetail.aspx?CaseID=1165490,62,PROBATE|HIGH_AMOUNT|HAS_ADDRESS,2026-09-26,EXISTING
2026PC0375,Letters Testamentary,PRO,Letters Testamentary,2026-08-13,"STANLEY ROBERT KARLOW,AKA STANLEY R KARLOW",,351720.0,3442 COTTONWOOD CANYON,Bulverde,TX,78163,310 SHEPHERD RANCH,Bulverde,TX,78163,County Court at Law 2 - PB ACTIVE NON - PENDING,http://public.co.comal.tx.us/CaseDetail.aspx?CaseID=1165861,62,PROBATE|HIGH_AMOUNT|HAS_ADDRESS,2026-09-26,EXISTING
2026PC0378,Letters Testamentary,PRO,Letters Testamentary,2026-08-17,WALTER HENRY MANSFIELD,,490330.0,431 CIELO VISTA,Canyon Lake,TX,78133,431 CIELO VISTA,Canyon Lake,TX,78133,County Court at Law 2 - PB ACTIVE PENDING,http://public.co.comal.tx.us/CaseDetail.aspx?CaseID=1166285,62,PROBATE|HIGH_AMOUNT|HAS_ADDRESS,2026-09-26,EXISTING
2026PC0386,Letters Testamentary,PRO,Letters Testamentary,2026-08-19,Shirley Louise Spinney,,265580.0,1030 CLOVER,New Braunfels,TX,78130,1030 CLOVER CIR,New Braunfels,TX,78130,County Court at Law 2 - PB ACTIVE NON - PENDING,http://public.co.comal.tx.us/CaseDetail.aspx?CaseID=1166606,62,PROBATE|HIGH_AMOUNT|HAS_ADDRESS,2026-09-26,EXISTING
2026PC0388,Letters Testamentary,PRO,Letters Testamentary,2026-08-21,Dale Lee Force,,700480.0,4130 DAY,San Marcos,TX,78666,4130 DAY DR,San Marcos,TX,78666,County Court at Law 1 - PB ACTIVE NON - PENDING,http://public.co.comal.tx.us/CaseDetail.aspx?CaseID=1166779,62,PROBATE|HIGH_AMOUNT|HAS_ADDRESS,2026-09-26,EXISTING
2026PC0392,Administration-Dependent,PRO,Administration-Dependent,2026-08-24,Robert David McCurry,,852030.0,27606 FELS MAUER,New Braunfels,TX,78132,27606 FELS MAUER BLVD,New Braunfels,TX,78132,County Court at Law 2 - PB ACTIVE PENDING,http://public.co.comal.tx.us/CaseDetail.aspx?CaseID=1167053,62,PROBATE|HIGH_AMOUNT|HAS_ADDRESS,2026-09-26,EXISTING
2026PC0395,Letters Testamentary,PRO,Letters Testamentary,2026-08-26,Betsy L Buhler,,607160.0,30643 SIDE SADDLE,Bulverde,TX,78163,30643 SIDE SADDLE RD,Bulverde,TX,78163,County Court at Law 3 - PB ACTIVE NON - PENDING,http://public.co.comal.tx.us/CaseDetail.aspx?CaseID=1167309,62,PROBATE|HIGH_AMOUNT|HAS_ADDRESS,2026-09-26,EXISTING
2026PC0399,Letters Testamentary,PRO,Letters Testamentary,2026-08-31,Jon Bruckman,,233720.0,2037 ROBINHOOD,Canyon Lake,TX,78133,2037 ROBIN HOOD DR,Canyon Lake,TX,78133,County Court at Law 3 - PB ACTIVE NON - PENDING,http://public.co.comal.tx.us/CaseDetail.aspx?CaseID=1167737,62,PROBATE|HIGH_AMOUNT|HAS_ADDRESS,2026-09-26,EXISTING
2026PC0400,Letters Testamentary,PRO,Letters Testamentary,2026-09-01,Laurie Jo Jasinski,,495450.0,24 RIDGE,New Braunfels,TX,78130,24 RIDGE DR,New Braunfels,TX,78130,County Court at Law 1 - PB ACTIVE NON - PENDING,http://public.co.comal.tx.us/CaseDetail.aspx?CaseID=1167954,62,PROBATE|HIGH_AMOUNT|HAS_ADDRESS,2026-09-26,EXISTING
2026PC0401,Letters Testamentary,PRO,Letters Testamentary,2026-09-01,Donald Robert Steele,,308400.0,777 TULSA TRL,New Braunfels,TX,78132,777 TULSA TRL,New Braunfels,TX,78132,County Court at Law 2 - PB ACTIVE PENDING,http://public.co.comal.tx.us/CaseDetail.aspx?CaseID=1168016,62,PROBATE|HIGH_AMOUNT|HAS_ADDRESS,2026-09-26,EXISTING
2026PC0409,Letters Testamentary,PRO,Letters Testamentary,2026-09-02,Wayne Lynn Metting,,549040.0,32204 CARDAMOM,Bulverde,TX,78163,32204 CARDAMOM WAY,Bulverde,TX,78163,County Court at Law 1 - PB ACTIVE PENDING,http://public.co.comal.tx.us/CaseDetail.aspx?CaseID=1168167,62,PROBATE|HIGH_AMOUNT|HAS_ADDRESS,2026-09-26,EXISTING
2026PC0410,Letters Testamentary,PRO,Letters Testamentary,2026-09-03,David  Ray  Mack,,1746050.0,7710 INTREPID,Boerne,TX,78015,DAVID R MACK TRUSTEE,Fair Oaks Ranch,TX,78015,County Court at Law 2 - PB ACTIVE PENDING,http://public.co.comal.tx.us/CaseDetail.aspx?CaseID=1168276,62,PROBATE|HIGH_AMOUNT|HAS_ADDRESS,2026-09-26,EXISTING
2026PC0411,Letters Testamentary,PRO,Letters Testamentary,2026-09-03,JESSIE G MOORE,,280700.0,385 LOCKENER,New Braunfels,TX,78130,385 LOCKENER AVE,New Braunfels,TX,78130,County Court at Law 3 - PB ACTIVE PENDING,http://public.co.comal.tx.us/CaseDetail.aspx?CaseID=1168670,62,PROBATE|HIGH_AMOUNT|HAS_ADDRESS,2026-09-26,EXISTING
2026PC0413,Administration-Independent,PRO,Administration-Independent,2026-09-04,LINDA SUE PERKINS,,195660.0,651 NORTHWEST CROSSING,New Braunfels,TX,78130,651 NW CROSSING DR,New Braunfels,TX,78130,County Court at Law 2 - PB ACTIVE PENDING,http://public.co.comal.tx.us/CaseDetail.aspx?CaseID=1168717,62,PROBATE|HIGH_AMOUNT|HAS_ADDRESS,2026-09-26,EXISTING
2026PC0416,Letters Testamentary,PRO,Letters Testamentary,2026-09-08,Theodore James Vervais,,764000.0,2208 GRANADA HILLS,New Braunfels,TX,78132,314 MARTIN DR,Aptos,CA,95003,County Court at Law 2 - PB ACTIVE PENDING,http://public.co.comal.tx.us/CaseDetail.aspx?CaseID=1168781,62,PROBATE|HIGH_AMOUNT|HAS_ADDRESS,2026-09-26,EXISTING
2026PC0419,Letters Testamentary,PRO,Letters Testamentary,2026-09-10,"THOMAS F GUISE, Jr.",,296010.0,3901 BEAVER CRK,Schertz,TX,78108,3901 BEAVER CRK,Schertz,TX,78108,County Court at Law 3 - PB ACTIVE PENDING,http://public.co.comal.tx.us/CaseDetail.aspx?CaseID=1169007,62,PROBATE|HIGH_AMOUNT|HAS_ADDRESS,2026-09-26,EXISTING
2026PC0423,Muniment of Title,PRO,Muniment of Title,2026-09-14,Robert La Verne Carpenter,,271090.0,1135 POWDER RIDGE RD,New Braunfels,TX,78132,1143 POWDER RIDGE,New Braunfels,TX,78132,County Court at Law 1 - PB ACTIVE PENDING,http://public.co.comal.tx.us/CaseDetail.aspx?CaseID=1169412,62,PROBATE|HIGH_AMOUNT|HAS_ADDRESS,2026-09-26,EXISTING
2026PC0424,Letters Testamentary,PRO,Letters Testamentary,2026-09-15,"Pamela Hood Hicks,AKA PAMELA HICKS",,486330.0,571 WILD TURKEY RUN,New Braunfels,TX,78132,571 WILD TURKEY RUN,New Braunfels,TX,78132,County Court at Law 3 - PB ACTIVE PENDING,http://public.co.comal.tx.us/CaseDetail.aspx?CaseID=1169487,62,PROBATE|HIGH_AMOUNT|HAS_ADDRESS,2026-09-26,EXISTING
2026PC0426,Letters Testamentary,PRO,Letters Testamentary,2026-09-16,"SID BEMUS,AKA SIDNEY EARL BEMUS",,299470.0,824 MERCURY DR,Canyon Lake,TX,78133,824 MERCURY DR,Canyon Lake,TX,78133,County Court at Law 2 - PB ACTIVE PENDING,http://public.co.comal.tx.us/CaseDetail.aspx?CaseID=1169688,62,PROBATE|HIGH_AMOUNT|HAS_ADDRESS,2026-09-26,EXISTING
2026PC0428,Letters Testamentary,PRO,Letters Testamentary,2026-09-17,Rita J Hill,,441930.0,1289 AMANDA,Canyon Lake,TX,78133,1289 AMANDA,Canyon Lake,TX,78133,County Court at Law 1 - PB ACTIVE PENDING,http://public.co.comal.tx.us/CaseDetail.aspx?CaseID=1169893,62,PROBATE|HIGH_AMOUNT|HAS_ADDRESS,2026-09-26,EXISTING
2026PC0431,Letters Testamentary,PRO,Letters Testamentary,2026-09-17,Dale B Hemsell,,355350.0,948 RIO VERDE,New Braunfels,TX,78130,948 RIO VERDE,New Braunfels,TX,78130,County Court at Law 1 - PB ACTIVE PENDING,http://public.co.comal.tx.us/CaseDetail.aspx?CaseID=1169979,62,PROBATE|HIGH_AMOUNT|HAS_ADDRESS,2026-09-26,EXISTING
2026PC0440,Administration-Independent,PRO,Administration-Independent,2026-09-29,Linda Ann Fox,,559610.0,3041 ROLLING OAKS,New Braunfels,TX,78132,3041 ROLLING OAKS DR,New Braunfels,TX,78132,County Court at Law 3 - PB ACTIVE PENDING,http://public.co.comal.tx.us/CaseDetail.aspx?CaseID=1171288,62,PROBATE|HIGH_AMOUNT|HAS_ADDRESS,2026-09-30,EXISTING
2026PC0441,Letters Testamentary,PRO,Letters Testamentary,2026-09-29,Bruce Jack Conklin,,1246590.0,612 WINDMILL RANCH,Spring Branch,TX,78070,612 WINDMILL RANCH RD,Spring Branch,TX,78070,County Court at Law 1 - PB ACTIVE PENDING,http://public.co.comal.tx.us/CaseDetail.aspx?CaseID=1171314,62,PROBATE|HIGH_AMOUNT|HAS_ADDRESS,2026-09-30,EXISTING
2026PC0444,Letters Testamentary,PRO,Letters Testamentary,2026-09-30,James Samuel Difazzio,,559120.0,276 TOUCAN,Spring Branch,TX,78070,276 TOUCAN DRIVE,Spring Branch,TX,78070,County Court at Law 1 - PB ACTIVE PENDING,http://public.co.comal.tx.us/CaseDetail.aspx?CaseID=1171489,62,PROBATE|HIGH_AMOUNT|HAS_ADDRESS,2026-10-01,EXISTING
FCPDF-October-p1,NOTICE OF TRUSTEE SALE,FC,Trustee Sale 2026-09-15,2026-10-07,,,0.0,00 Deed Of Trust,,TX,,,,TX,,"Trustee sale date: 2026-09-15. OCR of posted notice, page 1",https://www.comalcounty.gov/DocumentCenter/View/8505/October-Foreclosure-Sales,60,FORECLOSURE|NEW_THIS_WEEK|HAS_ADDRESS,2026-09-26,CHANGED
FCPDF-October-p2,NOTICE OF TRUSTEE SALE,FC,Trustee Sale Posting,2026-10-07,,,0.0,1300 West Lynn Street,,TX,,,,TX,,"OCR of posted notice, page 2",https://www.comalcounty.gov/DocumentCenter/View/8505/October-Foreclosure-Sales,60,FORECLOSURE|NEW_THIS_WEEK|HAS_ADDRESS,2026-09-26,CHANGED
FCPDF-October-p3,NOTICE OF TRUSTEE SALE,FC,Trustee Sale Posting,2026-10-07,,,0.0,250 Misty Brook Spring,,TX,,,,TX,,"OCR of posted notice, page 3",https://www.comalcounty.gov/DocumentCenter/View/8505/October-Foreclosure-Sales,60,FORECLOSURE|NEW_THIS_WEEK|HAS_ADDRESS,2026-09-26,CHANGED
FCPDF-October-p4,NOTICE OF TRUSTEE SALE,FC,Trustee Sale Posting,2026-10-07,,,0.0,6101 Condor Drive,New Braunfels,TX,78130,,,TX,,"OCR of posted notice, page 4",https://www.comalcounty.gov/DocumentCenter/View/8505/October-Foreclosure-Sales,60,FORECLOSURE|NEW_THIS_WEEK|HAS_ADDRESS,2026-09-26,CHANGED
FCPDF-October-p7,NOTICE OF TRUSTEE SALE,FC,Trustee Sale 2022-08-12,2026-10-07,"John A. Legere and Tina N. Legere, Husband and Wife",,0.0,00 Pm Or Not Later,Bulverde,TX,78163,,,TX,,"Trustee sale date: 2022-08-12. OCR of posted notice, page 7",https://www.comalcounty.gov/DocumentCenter/View/8505/October-Foreclosure-Sales,60,FORECLOSURE|NEW_THIS_WEEK|HAS_ADDRESS,2026-09-26,CHANGED
FCPDF-October-p8,NOTICE OF TRUSTEE SALE,FC,Trustee Sale 2026-03-01,2026-10-07,,,0.0,1320 Greenway,,TX,,,,TX,,"Trustee sale date: 2026-03-01. OCR of posted notice, page 8",https://www.comalcounty.gov/DocumentCenter/View/8505/October-Foreclosure-Sales,60,FORECLOSURE|NEW_THIS_WEEK|HAS_ADDRESS,2026-09-26,CHANGED
FCPDF-October-p10,NOTICE OF TRUSTEE SALE,FC,Trustee Sale 2026-09-15,2026-10-07,"SOLMS LANDING DEVELOPMENT, LLC, a Texas limited liability",,0.0,10119 Lake Creek,,TX,,,,TX,,"Trustee sale date: 2026-09-15. OCR of posted notice, page 10",https://www.comalcounty.gov/DocumentCenter/View/8505/October-Foreclosure-Sales,60,FORECLOSURE|NEW_THIS_WEEK|HAS_ADDRESS,2026-09-26,CHANGED
FCPDF-October-p11,NOTICE OF TRUSTEE SALE,FC,Trustee Sale 2026-06-24,2026-10-07,,,0.0,10119 Lake Creek,,TX,,,,TX,,"Trustee sale date: 2026-06-24. OCR of posted notice, page 11",https://www.comalcounty.gov/DocumentCenter/View/8505/October-Foreclosure-Sales,60,FORECLOSURE|NEW_THIS_WEEK|HAS_ADDRESS,2026-09-26,CHANGED
FCPDF-October-p12,NOTICE OF TRUSTEE SALE,FC,Trustee Sale 2026-09-15,2026-10-07,"NB CAPITAL, LLC, a Texas limited liability company",,0.0,10119 Lake Creek,,TX,,,,TX,,"Trustee sale date: 2026-09-15. OCR of posted notice, page 12",https://www.comalcounty.gov/DocumentCenter/View/8505/October-Foreclosure-Sales,60,FORECLOSURE|NEW_THIS_WEEK|HAS_ADDRESS,2026-09-26,CHANGED
FCPDF-October-p14,NOTICE OF TRUSTEE SALE,FC,Trustee Sale Posting,2026-10-07,,,0.0,10119 Lake Creek,,TX,,,,TX,,"OCR of posted notice, page 14",https://www.comalcounty.gov/DocumentCenter/View/8505/October-Foreclosure-Sales,60,FORECLOSURE|NEW_THIS_WEEK|HAS_ADDRESS,2026-09-26,CHANGED
FCPDF-October-p16,NOTICE OF TRUSTEE SALE,FC,Trustee Sale Posting,2026-10-07,,,0.0,47 Feet From The West,Canyon Lake,TX,78133,,,TX,,"OCR of posted notice, page 16",https://www.comalcounty.gov/DocumentCenter/View/8505/October-Foreclosure-Sales,60,FORECLOSURE|NEW_THIS_WEEK|HAS_ADDRESS,2026-09-26,CHANGED
FCPDF-October-p18,NOTICE OF TRUSTEE SALE,FC,Trustee Sale 2026-09-14,2026-10-07,Trustee,,0.0,00 Deed Of Trust,New Braunfels,TX,78130,,,TX,,"Trustee sale date: 2026-09-14. OCR of posted notice, page 18",https://www.comalcounty.gov/DocumentCenter/View/8505/October-Foreclosure-Sales,60,FORECLOSURE|NEW_THIS_WEEK|HAS_ADDRESS,2026-09-26,CHANGED
FCPDF-October-p22,NOTICE OF TRUSTEE SALE,FC,Trustee Sale 2022-11-08,2026-10-07,"JAMES R KOLB, I",,0.0,31040 Meadow Creek,,TX,,,,TX,,"Trustee sale date: 2022-11-08. OCR of posted notice, page 22",https://www.comalcounty.gov/DocumentCenter/View/8505/October-Foreclosure-Sales,60,FORECLOSURE|NEW_THIS_WEEK|HAS_ADDRESS,2026-09-26,CHANGED
FCPDF-October-p23,NOTICE OF TRUSTEE SALE,FC,Trustee Sale Posting,2026-10-07,,,0.0,6080 Tennyson Parkway,,TX,,,,TX,,"OCR of posted notice, page 23",https://www.comalcounty.gov/DocumentCenter/View/8505/October-Foreclosure-Sales,60,FORECLOSURE|NEW_THIS_WEEK|HAS_ADDRESS,2026-09-26,CHANGED
FCPDF-October-p25,NOTICE OF TRUSTEE SALE,FC,Trustee Sale 2026-09-09,2026-10-07,,,0.0,8531 N New Braunfels Ave,,TX,,,,TX,,"Trustee sale date: 2026-09-09. OCR of posted notice, page 25",https://www.comalcounty.gov/DocumentCenter/View/8505/October-Foreclosure-Sales,60,FORECLOSURE|NEW_THIS_WEEK|HAS_ADDRESS,2026-09-26,CHANGED
FCPDF-October-p26,NOTICE OF TRUSTEE SALE,FC,Trustee Sale 2021-04-23,2026-10-07,SHARON K WOMACK secures the repayment of a,,0.0,500 N. State College Blvd,Fischer,TX,78623,,,TX,,"Trustee sale date: 2021-04-23. OCR of posted notice, page 26",https://www.comalcounty.gov/DocumentCenter/View/8505/October-Foreclosure-Sales,60,FORECLOSURE|NEW_THIS_WEEK|HAS_ADDRESS,2026-09-26,CHANGED
FCPDF-October-p27,NOTICE OF TRUSTEE SALE,FC,Trustee Sale Posting,2026-10-07,,,0.0,6080 Tennyson Parkway,Fischer,TX,78623,,,TX,,"OCR of posted notice, page 27",https://www.comalcounty.gov/DocumentCenter/View/8505/October-Foreclosure-Sales,60,FORECLOSURE|NEW_THIS_WEEK|HAS_ADDRESS,2026-09-26,CHANGED
FCPDF-October-p31,NOTICE OF TRUSTEE SALE,FC,Trustee Sale 2015-10-02,2026-10-07,Suellen Neimeier a single woman securing payment of the indeb,,0.0,20405 State Highway,New Braunfels,TX,78136,,,TX,,"Trustee sale date: 2015-10-02. OCR of posted notice, page 31",https://www.comalcounty.gov/DocumentCenter/View/8505/October-Foreclosure-Sales,60,FORECLOSURE|NEW_THIS_WEEK|HAS_ADDRESS,2026-09-26,CHANGED
FCPDF-October-p33,NOTICE OF TRUSTEE SALE,FC,Trustee Sale Posting,2026-10-07,,,0.0,1000 Blue Gentian Rd,New Braunfels,TX,78130,,,TX,,"OCR of posted notice, page 33",https://www.comalcounty.gov/DocumentCenter/View/8505/October-Foreclosure-Sales,60,FORECLOSURE|NEW_THIS_WEEK|HAS_ADDRESS,2026-09-26,CHANGED
FCPDF-October-p34,NOTICE OF TRUSTEE SALE,FC,Trustee Sale Posting,2026-10-07,"TENNA MARIE STRINGER, AN UNMARRIED WOMAN AND DAWN",,0.0,78130 The First,New Braunfels,TX,78130,,,TX,,"OCR of posted notice, page 34",https://www.comalcounty.gov/DocumentCenter/View/8505/October-Foreclosure-Sales,60,FORECLOSURE|NEW_THIS_WEEK|HAS_ADDRESS,2026-09-26,CHANGED
FCPDF-October-p36,NOTICE OF TRUSTEE SALE,FC,Trustee Sale 2024-04-08,2026-10-07,"Joyce Ann Thomas, an unmarried woman",,0.0,764 Bullsnake Trail,New Braunfels,TX,78132,,,TX,,"Trustee sale date: 2024-04-08. OCR of posted notice, page 36",https://www.comalcounty.gov/DocumentCenter/View/8505/October-Foreclosure-Sales,60,FORECLOSURE|NEW_THIS_WEEK|HAS_ADDRESS,2026-09-26,CHANGED
FCPDF-October-p38,NOTICE OF TRUSTEE SALE,FC,Trustee Sale Posting,2026-10-07,,,0.0,546 Silicon Dr,,TX,,,,TX,,"OCR of posted notice, page 38",https://www.comalcounty.gov/DocumentCenter/View/8505/October-Foreclosure-Sales,60,FORECLOSURE|NEW_THIS_WEEK|HAS_ADDRESS,2026-09-26,CHANGED
FCPDF-October-p39,NOTICE OF TRUSTEE SALE,FC,Trustee Sale 2024-02-05,2026-10-07,HACKBERRY AVE,,0.0,3501 Olympus Blvd,New Braunfels,TX,78130,,,TX,,"Trustee sale date: 2024-02-05. OCR of posted notice, page 39",https://www.comalcounty.gov/DocumentCenter/View/8505/October-Foreclosure-Sales,60,FORECLOSURE|NEW_THIS_WEEK|HAS_ADDRESS,2026-09-26,CHANGED
FCPDF-October-p41,NOTICE OF TRUSTEE SALE,FC,Trustee Sale Posting,2026-10-07,,,0.0,14800 Landmark Blvd,,TX,,,,TX,,"OCR of posted notice, page 41",https://www.comalcounty.gov/DocumentCenter/View/8505/October-Foreclosure-Sales,60,FORECLOSURE|NEW_THIS_WEEK|HAS_ADDRESS,2026-09-26,CHANGED
FCPDF-October-p42,NOTICE OF TRUSTEE SALE,FC,Trustee Sale 2023-09-01,2026-10-07,NORMAN A.,,0.0,7824 Caribou Drive,Spring Branch,TX,78070,,,TX,,"Trustee sale date: 2023-09-01. OCR of posted notice, page 42",https://www.comalcounty.gov/DocumentCenter/View/8505/October-Foreclosure-Sales,60,FORECLOSURE|NEW_THIS_WEEK|HAS_ADDRESS,2026-09-26,CHANGED
FCPDF-October-p44,NOTICE OF TRUSTEE SALE,FC,Trustee Sale Posting,2026-10-07,,,0.0,2026 Earliest,,TX,,,,TX,,"OCR of posted notice, page 44",https://www.comalcounty.gov/DocumentCenter/View/8505/October-Foreclosure-Sales,60,FORECLOSURE|NEW_THIS_WEEK|HAS_ADDRESS,2026-09-26,CHANGED
FCPDF-October-p45,NOTICE OF TRUSTEE SALE,FC,Trustee Sale Posting,2026-10-07,,,0.0,75 Beattie Place,New Braunfels,TX,78130,,,TX,,"OCR of posted notice, page 45",https://www.comalcounty.gov/DocumentCenter/View/8505/October-Foreclosure-Sales,60,FORECLOSURE|NEW_THIS_WEEK|HAS_ADDRESS,2026-09-26,CHANGED
FCPDF-October-p46,NOTICE OF TRUSTEE SALE,FC,Trustee Sale 2026-10-06,2026-10-07,"LINDA ZAMORA MOUL A SINGLE WOMAN,",,0.0,2161 Prado Drive,New Braunfels,TX,78132,,,TX,,"Trustee sale date: 2026-10-06. OCR of posted notice, page 46",https://www.comalcounty.gov/DocumentCenter/View/8505/October-Foreclosure-Sales,60,FORECLOSURE|NEW_THIS_WEEK|HAS_ADDRESS,2026-09-26,CHANGED
FCPDF-October-p47,NOTICE OF TRUSTEE SALE,FC,Trustee Sale Posting,2026-10-07,MOUL LINDA ZAMORA,,0.0,2161 Prado Drive,New Braunfels,TX,78132,2161 PRADO DRIVE,New Braunfels,TX,78132,"OCR of posted notice, page 47",https://www.comalcounty.gov/DocumentCenter/View/8505/October-Foreclosure-Sales,60,FORECLOSURE|NEW_THIS_WEEK|HAS_ADDRESS,2026-09-26,CHANGED
FCPDF-October-p49,NOTICE OF TRUSTEE SALE,FC,Trustee Sale Posting,2026-10-07,"Carlos Rene Guilbeau and Joanna Ramirez, Husband and Wife",,0.0,78130 The First,New Braunfels,TX,78130,,,TX,,"OCR of posted notice, page 49",https://www.comalcounty.gov/DocumentCenter/View/8505/October-Foreclosure-Sales,60,FORECLOSURE|NEW_THIS_WEEK|HAS_ADDRESS,2026-09-26,CHANGED
FCPDF-October-p51,NOTICE OF TRUSTEE SALE,FC,Trustee Sale 2021-11-30,2026-10-07,"Raimundo Eduardo Rodriguez and Mihui Son Rodriguez, a Married",,0.0,3138 E. Elwood Street,New Braunfels,TX,78130,,,TX,,"Trustee sale date: 2021-11-30. OCR of posted notice, page 51",https://www.comalcounty.gov/DocumentCenter/View/8505/October-Foreclosure-Sales,60,FORECLOSURE|NEW_THIS_WEEK|HAS_ADDRESS,2026-09-26,CHANGED
FCPDF-October-p53,NOTICE OF TRUSTEE SALE,FC,Trustee Sale Posting,2026-10-07,,,0.0,546 Silicon Dr,,TX,,,,TX,,"OCR of posted notice, page 53",https://www.comalcounty.gov/DocumentCenter/View/8505/October-Foreclosure-Sales,60,FORECLOSURE|NEW_THIS_WEEK|HAS_ADDRESS,2026-09-26,CHANGED
FCPDF-October-p54,NOTICE OF TRUSTEE SALE,FC,Trustee Sale Posting,2026-10-07,COE WILLIAM & JOY,,0.0,31434 Sunlight Dr,Bulverde,TX,78163,31434 SUNLIGHT DR,Bulverde,TX,78163,"OCR of posted notice, page 54",https://www.comalcounty.gov/DocumentCenter/View/8505/October-Foreclosure-Sales,60,FORECLOSURE|NEW_THIS_WEEK|HAS_ADDRESS,2026-09-26,CHANGED
FCPDF-October-p55,NOTICE OF TRUSTEE SALE,FC,Trustee Sale Posting,2026-10-07,,,0.0,8950 Cypress Waters Blvd,,TX,,,,TX,,"OCR of posted notice, page 55",https://www.comalcounty.gov/DocumentCenter/View/8505/October-Foreclosure-Sales,60,FORECLOSURE|NEW_THIS_WEEK|HAS_ADDRESS,2026-09-26,CHANGED
FCPDF-October-p56,NOTICE OF TRUSTEE SALE,FC,Trustee Sale Posting,2026-10-07,,,0.0,18383 Preston Road,,TX,,,,TX,,"OCR of posted notice, page 56",https://www.comalcounty.gov/DocumentCenter/View/8505/October-Foreclosure-Sales,60,FORECLOSURE|NEW_THIS_WEEK|HAS_ADDRESS,2026-09-26,CHANGED
FCPDF-October-p57,NOTICE OF TRUSTEE SALE,FC,Trustee Sale Posting,2026-10-07,,,0.0,21260 Assert And Protect,New Braunfels,TX,78130,,,TX,,"OCR of posted notice, page 57",https://www.comalcounty.gov/DocumentCenter/View/8505/October-Foreclosure-Sales,60,FORECLOSURE|NEW_THIS_WEEK|HAS_ADDRESS,2026-09-26,CHANGED
FCPDF-October-p60,NOTICE OF TRUSTEE SALE,FC,Trustee Sale 2023-05-31,2026-10-07,GARZA SUELLEN,,0.0,725 Belmont Drive,New Braunfels,TX,78130,725 BELMONT DR,New Braunfels,TX,78130,"Trustee sale date: 2023-05-31. OCR of posted notice, page 60",https://www.comalcounty.gov/DocumentCenter/View/8505/October-Foreclosure-Sales,60,FORECLOSURE|NEW_THIS_WEEK|HAS_ADDRESS,2026-09-26,CHANGED
FCPDF-October-p63,NOTICE OF TRUSTEE SALE,FC,Trustee Sale Posting,2026-10-07,,,0.0,14841 Dallas Parkway,New Braunfels,TX,78130,,,TX,,"OCR of posted notice, page 63",https://www.comalcounty.gov/DocumentCenter/View/8505/October-Foreclosure-Sales,60,FORECLOSURE|NEW_THIS_WEEK|HAS_ADDRESS,2026-09-26,CHANGED
FCPDF-October-p65,NOTICE OF TRUSTEE SALE,FC,Trustee Sale Posting,2026-10-07,,,0.0,14841 Dallas Parkway,,TX,,,,TX,,"OCR of posted notice, page 65",https://www.comalcounty.gov/DocumentCenter/View/8505/October-Foreclosure-Sales,60,FORECLOSURE|NEW_THIS_WEEK|HAS_ADDRESS,2026-09-26,CHANGED
FCPDF-October-p66,NOTICE OF TRUSTEE SALE,FC,Trustee Sale Posting,2026-10-07,"Stacey Laine Doege, an unmarried woman",,0.0,78130 The First,New Braunfels,TX,78130,,,TX,,"OCR of posted notice, page 66",https://www.comalcounty.gov/DocumentCenter/View/8505/October-Foreclosure-Sales,60,FORECLOSURE|NEW_THIS_WEEK|HAS_ADDRESS,2026-09-26,CHANGED
FCPDF-October-p68,NOTICE OF TRUSTEE SALE,FC,Trustee Sale 2006-08-25,2026-10-07,"LINDA BIAS HICKS AND JAMES W HICKS, WIFE AND",,0.0,2016 Sc6 Title Trust,,TX,,,,TX,,"Trustee sale date: 2006-08-25. OCR of posted notice, page 68",https://www.comalcounty.gov/DocumentCenter/View/8505/October-Foreclosure-Sales,60,FORECLOSURE|NEW_THIS_WEEK|HAS_ADDRESS,2026-09-26,CHANGED
FCPDF-October-p70,NOTICE OF TRUSTEE SALE,FC,Trustee Sale 2026-08-06,2026-10-07,,,0.0,3637 Sentara Way,,TX,,,,TX,,"Trustee sale date: 2026-08-06. OCR of posted notice, page 70",https://www.comalcounty.gov/DocumentCenter/View/8505/October-Foreclosure-Sales,60,FORECLOSURE|NEW_THIS_WEEK|HAS_ADDRESS,2026-09-26,CHANGED
FCPDF-October-p72,NOTICE OF TRUSTEE SALE,FC,Trustee Sale Posting,2026-10-07,"Laine Kennedy, an unmarried woman, securing",,0.0,00 Am Or Not Lai Than Three Hours After,New Braunfels,TX,78130,,,TX,,"OCR of posted notice, page 72",https://www.comalcounty.gov/DocumentCenter/View/8505/October-Foreclosure-Sales,60,FORECLOSURE|NEW_THIS_WEEK|HAS_ADDRESS,2026-09-26,CHANGED
FCPDF-October-p74,NOTICE OF TRUSTEE SALE,FC,Trustee Sale 2026-08-10,2026-10-07,,,0.0,114 Mesa Park,,TX,,,,TX,,"Trustee sale date: 2026-08-10. OCR of posted notice, page 74",https://www.comalcounty.gov/DocumentCenter/View/8505/October-Foreclosure-Sales,60,FORECLOSURE|NEW_THIS_WEEK|HAS_ADDRESS,2026-09-26,CHANGED
FCPDF-October-p75,NOTICE OF TRUSTEE SALE,FC,Trustee Sale 2013-10-21,2026-10-07,"SUSANA RODRIGUEZ, A SINGLE WOMAN,",,0.0,00 Pm Or Not Later,New Braunfels,TX,78130,,,TX,,"Trustee sale date: 2013-10-21. OCR of posted notice, page 75",https://www.comalcounty.gov/DocumentCenter/View/8505/October-Foreclosure-Sales,60,FORECLOSURE|NEW_THIS_WEEK|HAS_ADDRESS,2026-09-26,CHANGED
FCPDF-October-p76,NOTICE OF TRUSTEE SALE,FC,Trustee Sale Posting,2026-10-07,,,0.0,4004 Belt Line Road,New Braunfels,TX,78130,,,TX,,"OCR of posted notice, page 76",https://www.comalcounty.gov/DocumentCenter/View/8505/October-Foreclosure-Sales,60,FORECLOSURE|NEW_THIS_WEEK|HAS_ADDRESS,2026-09-26,CHANGED
FCPDF-October-p78,NOTICE OF TRUSTEE SALE,FC,Trustee Sale Posting,2026-10-07,WALTER LEON SANDERS II AND,,0.0,20401 Ssert And Protect,Canyon Lake,TX,78133,,,TX,,"OCR of posted notice, page 78",https://www.comalcounty.gov/DocumentCenter/View/8505/October-Foreclosure-Sales,60,FORECLOSURE|NEW_THIS_WEEK|HAS_ADDRESS,2026-09-26,CHANGED
FCPDF-October-p82,NOTICE OF TRUSTEE SALE,FC,Trustee Sale Posting,2026-10-07,,,0.0,14841 Dallas Parkway,,TX,,,,TX,,"OCR of posted notice, page 82",https://www.comalcounty.gov/DocumentCenter/View/8505/October-Foreclosure-Sales,60,FORECLOSURE|NEW_THIS_WEEK|HAS_ADDRESS,2026-09-26,CHANGED
FCPDF-October-p83,NOTICE OF TRUSTEE SALE,FC,Trustee Sale 2022-09-01,2026-10-07,MICHAEL ANTHONY EAGAN AND GUADALUPE,,0.0,8470 Park Ln,New Braunfels,TX,78130,,,TX,,"Trustee sale date: 2022-09-01. OCR of posted notice, page 83",https://www.comalcounty.gov/DocumentCenter/View/8505/October-Foreclosure-Sales,60,FORECLOSURE|NEW_THIS_WEEK|HAS_ADDRESS,2026-09-26,CHANGED
FCPDF-October-p84,NOTICE OF TRUSTEE SALE,FC,Trustee Sale Posting,2026-10-07,,,0.0,3313 W Commercial Blvd,,TX,,,,TX,,"OCR of posted notice, page 84",https://www.comalcounty.gov/DocumentCenter/View/8505/October-Foreclosure-Sales,60,FORECLOSURE|NEW_THIS_WEEK|HAS_ADDRESS,2026-09-26,CHANGED
FCPDF-October-p85,NOTICE OF TRUSTEE SALE,FC,Trustee Sale Posting,2026-10-07,,,0.0,700 Kansas Lane,New Braunfels,TX,78130,,,TX,,"OCR of posted notice, page 85",https://www.comalcounty.gov/DocumentCenter/View/8505/October-Foreclosure-Sales,60,FORECLOSURE|NEW_THIS_WEEK|HAS_ADDRESS,2026-09-26,CHANGED
FCPDF-October-p86,NOTICE OF TRUSTEE SALE,FC,Trustee Sale 2021-05-28,2026-10-07,"PATRICIA A. BOYD, AN UNMARRIED WOMAN",,0.0,78130 The First,New Braunfels,TX,78130,,,TX,,"Trustee sale date: 2021-05-28. OCR of posted notice, page 86",https://www.comalcounty.gov/DocumentCenter/View/8505/October-Foreclosure-Sales,60,FORECLOSURE|NEW_THIS_WEEK|HAS_ADDRESS,2026-09-26,CHANGED
FCPDF-October-p89,NOTICE OF TRUSTEE SALE,FC,Trustee Sale 2026-03-01,2026-10-07,,,0.0,7500 Dallas Pkwy,,TX,,,,TX,,"Trustee sale date: 2026-03-01. OCR of posted notice, page 89",https://www.comalcounty.gov/DocumentCenter/View/8505/October-Foreclosure-Sales,60,FORECLOSURE|NEW_THIS_WEEK|HAS_ADDRESS,2026-09-26,CHANGED
FCPDF-October-p90,NOTICE OF TRUSTEE SALE,FC,Trustee Sale 2024-01-17,2026-10-07,BRANDON PERRY secures the repayment of a Note,,0.0,535 Paradise Drive,Canyon Lake,TX,78133,,,TX,,"Trustee sale date: 2024-01-17. OCR of posted notice, page 90",https://www.comalcounty.gov/DocumentCenter/View/8505/October-Foreclosure-Sales,60,FORECLOSURE|NEW_THIS_WEEK|HAS_ADDRESS,2026-09-26,CHANGED
FCPDF-October-p91,NOTICE OF TRUSTEE SALE,FC,Trustee Sale Posting,2026-10-07,,,0.0,3313 W Commercial Blvd,,TX,,,,TX,,"OCR of posted notice, page 91",https://www.comalcounty.gov/DocumentCenter/View/8505/October-Foreclosure-Sales,60,FORECLOSURE|NEW_THIS_WEEK|HAS_ADDRESS,2026-09-26,CHANGED
FCPDF-October-p92,NOTICE OF TRUSTEE SALE,FC,Trustee Sale Posting,2026-10-07,LOVATO RICHARD P,,0.0,30628 Buck Lane,Bulverde,TX,78163,30628 BUCK LN,Bulverde,TX,78163,"OCR of posted notice, page 92",https://www.comalcounty.gov/DocumentCenter/View/8505/October-Foreclosure-Sales,60,FORECLOSURE|NEW_THIS_WEEK|HAS_ADDRESS,2026-09-26,CHANGED
FCPDF-October-p93,NOTICE OF TRUSTEE SALE,FC,Trustee Sale 2026-03-01,2026-10-07,,,0.0,500 N. State College Blvd,,TX,,,,TX,,"Trustee sale date: 2026-03-01. OCR of posted notice, page 93",https://www.comalcounty.gov/DocumentCenter/View/8505/October-Foreclosure-Sales,60,FORECLOSURE|NEW_THIS_WEEK|HAS_ADDRESS,2026-09-26,CHANGED
FCPDF-October-p94,NOTICE OF TRUSTEE SALE,FC,Trustee Sale 2022-08-24,2026-10-07,CHRISTINA ELIZABETH MCADAMS A,,0.0,5855 Forenoon Dr,Bulverde,TX,78163,,,TX,,"Trustee sale date: 2022-08-24. OCR of posted notice, page 94",https://www.comalcounty.gov/DocumentCenter/View/8505/October-Foreclosure-Sales,60,FORECLOSURE|NEW_THIS_WEEK|HAS_ADDRESS,2026-09-26,CHANGED
FCPDF-October-p95,NOTICE OF TRUSTEE SALE,FC,Trustee Sale Posting,2026-10-07,,,0.0,3313 W Commercial Blvd,,TX,,,,TX,,"OCR of posted notice, page 95",https://www.comalcounty.gov/DocumentCenter/View/8505/October-Foreclosure-Sales,60,FORECLOSURE|NEW_THIS_WEEK|HAS_ADDRESS,2026-09-26,CHANGED
FCPDF-October-p96,NOTICE OF TRUSTEE SALE,FC,Trustee Sale 2026-03-01,2026-10-07,"SUSAN KASPER, AN UNMARRIED WOMAN",,0.0,00 P.M. Or No Later,New Braunfels,TX,78130,,,TX,,"Trustee sale date: 2026-03-01. OCR of posted notice, page 96",https://www.comalcounty.gov/DocumentCenter/View/8505/October-Foreclosure-Sales,60,FORECLOSURE|NEW_THIS_WEEK|HAS_ADDRESS,2026-09-26,CHANGED
FCPDF-October-p99,NOTICE OF TRUSTEE SALE,FC,Trustee Sale 2026-07-13,2026-10-07,,,0.0,17100 Gillette Ave,Bulverde,TX,78163,,,TX,,"Trustee sale date: 2026-07-13. OCR of posted notice, page 99",https://www.comalcounty.gov/DocumentCenter/View/8505/October-Foreclosure-Sales,60,FORECLOSURE|NEW_THIS_WEEK|HAS_ADDRESS,2026-09-26,CHANGED
FCPDF-October-p100,NOTICE OF TRUSTEE SALE,FC,Trustee Sale 2019-07-03,2026-10-07,,,0.0,17100 Gillette Avenue,New Braunfels,TX,78130,,,TX,,"Trustee sale date: 2019-07-03. OCR of posted notice, page 100",https://www.comalcounty.gov/DocumentCenter/View/8505/October-Foreclosure-Sales,60,FORECLOSURE|NEW_THIS_WEEK|HAS_ADDRESS,2026-09-26,CHANGED
FCPDF-October-p101,NOTICE OF TRUSTEE SALE,FC,Trustee Sale 2026-03-01,2026-10-07,,,0.0,4735 This Is An Attempt,,TX,,,,TX,,"Trustee sale date: 2026-03-01. OCR of posted notice, page 101",https://www.comalcounty.gov/DocumentCenter/View/8505/October-Foreclosure-Sales,60,FORECLOSURE|NEW_THIS_WEEK|HAS_ADDRESS,2026-09-26,CHANGED
FCPDF-October-p104,NOTICE OF TRUSTEE SALE,FC,Trustee Sale Posting,2026-10-07,"KEVAN D FOWLER AND ANGELA G, FOWLER, provides that it secures",,0.0,8950 Cypress Waters Blvd,New Braunfels,TX,78130,,,TX,,"OCR of posted notice, page 104",https://www.comalcounty.gov/DocumentCenter/View/8505/October-Foreclosure-Sales,60,FORECLOSURE|NEW_THIS_WEEK|HAS_ADDRESS,2026-09-26,CHANGED
FCPDF-October-p105,NOTICE OF TRUSTEE SALE,FC,Trustee Sale Posting,2026-10-07,"VANCE B REDIX, SR, provides that it secures the payment of th",,0.0,14160 Dallas Parkway,New Braunfels,TX,78130,,,TX,,"OCR of posted notice, page 105",https://www.comalcounty.gov/DocumentCenter/View/8505/October-Foreclosure-Sales,60,FORECLOSURE|NEW_THIS_WEEK|HAS_ADDRESS,2026-09-26,CHANGED
C2026-1164D,Suits on Debt,JUD,Debt Suit,2026-09-30,Tolbert Cole,Ally Bank,378410.0,1151 AMANDA,Canyon Lake,TX,78133,1151 AMANDA,Canyon Lake,TX,78133,433rd District Court - Filed,http://public.co.comal.tx.us/CaseDetail.aspx?CaseID=1171422,58,JUDGMENT|HIGH_AMOUNT|HAS_ADDRESS,2026-10-02,EXISTING
D226880,Debt Claim,JUD,Debt Suit,2026-09-30,Angel Rodriguez,Portfolio Recovery Associates Llc,398100.0,3151 SALITE ST,New Braunfels,TX,78130,3151 SALITE ST,New Braunfels,TX,78130,JP2 - Filed,http://public.co.comal.tx.us/CaseDetail.aspx?CaseID=1171484,58,JUDGMENT|HIGH_AMOUNT|HAS_ADDRESS,2026-10-02,EXISTING
D226882,Debt Claim,JUD,Debt Suit,2026-09-30,Sharmaine Workman,Jefferson Capital Systems Llc,534190.0,31110 SMITHSON VALLEY,Bulverde,TX,78163,31110 SMITHSON VALLEY RD,Bulverde,TX,78163,JP2 - Filed,http://public.co.comal.tx.us/CaseDetail.aspx?CaseID=1171752,58,JUDGMENT|HIGH_AMOUNT|HAS_ADDRESS,2026-10-04,EXISTING
D3261129,Debt Claim,JUD,Debt Suit,2026-09-30,GORDON MOFFETT,Portfolio Recovery Associates Llc,170480.0,3420 FM 1101,New Braunfels,TX,78130,3420 FM 1101,New Braunfels,TX,78130,JP3 - Filed,http://public.co.comal.tx.us/CaseDetail.aspx?CaseID=1171579,58,JUDGMENT|HIGH_AMOUNT|HAS_ADDRESS,2026-10-02,EXISTING
D3261131,Debt Claim,JUD,Debt Suit,2026-09-30,Julio Garcia,"Velocity Investments, Llc",463317.0,29610 SIERRA COPPER,Bulverde,TX,78163,"PSC 480 BOX 1766 APO,",,AE,09128,JP3 - Filed,http://public.co.comal.tx.us/CaseDetail.aspx?CaseID=1171581,58,JUDGMENT|HIGH_AMOUNT|HAS_ADDRESS,2026-10-02,EXISTING
2026PC0373,Letters Testamentary,PRO,Letters Testamentary,2026-08-12,Jean Suzette Adams,,452580.0,,,TX,,JEAN A ADAMS TR,New Braunfels,TX,78132,County Court at Law 3 - PB ACTIVE NON - PENDING,http://public.co.comal.tx.us/CaseDetail.aspx?CaseID=1165811,57,PROBATE|HIGH_AMOUNT,2026-09-26,EXISTING
2026PC0377,Letters Testamentary,PRO,Letters Testamentary,2026-08-17,CRISTINO CASTANEDA,,165190.0,,,TX,,265 S END AVE,New Braunfels,TX,78130,County Court at Law 1 - PB ACTIVE NON - PENDING,http://public.co.comal.tx.us/CaseDetail.aspx?CaseID=1166228,57,PROBATE|HIGH_AMOUNT,2026-09-26,EXISTING
2026PC0387,Administration-Independent,PRO,Administration-Independent,2026-08-20,Christopher Clyde Clark,,334740.0,,,TX,,378 NORTHSHORE TRL,New Braunfels,TX,78130,County Court at Law 3 - PB ACTIVE PENDING,http://public.co.comal.tx.us/CaseDetail.aspx?CaseID=1166676,57,PROBATE|HIGH_AMOUNT,2026-09-26,EXISTING
2026PC0389,Letters Testamentary,PRO,Letters Testamentary,2026-08-24,Kermit Vetter,,566220.0,,,TX,,25245 MICKESCH LN,New Braunfels,TX,78132,County Court at Law 2 - PB ACTIVE NON - PENDING,http://public.co.comal.tx.us/CaseDetail.aspx?CaseID=1166942,57,PROBATE|HIGH_AMOUNT,2026-09-26,EXISTING
2026PC0414,Foreign Will - Filing Only,PRO,Foreign Will - Filing Only,2026-09-04,"Joyce Evelyn Barnett Kalthoff,AKA JOYCE B KALTHOFF",,76390.0,1143 PARTON,Canyon Lake,TX,78133,1151 COUNTRY LIVING RD,Baker,FL,32531,County Court at Law 3 - Disposed,http://public.co.comal.tx.us/CaseDetail.aspx?CaseID=1168727,57,PROBATE|MID_AMOUNT|HAS_ADDRESS,2026-09-26,EXISTING
2026PC0417,Administration-Independent,PRO,Administration-Independent,2026-09-08,Charles Walter Ricketts,,588682.0,,,TX,,441 RED ROSE ST,Spring Branch,TX,78070,County Court at Law 3 - PB ACTIVE PENDING,http://public.co.comal.tx.us/CaseDetail.aspx?CaseID=1168796,57,PROBATE|HIGH_AMOUNT,2026-09-26,EXISTING
2026PC0422,Muniment of Title,PRO,Muniment of Title,2026-09-14,Robert R Gunn,,4000820.0,,,TX,,828 GHOST DANCER,Fischer,TX,78623,County Court at Law 3 - PB ACTIVE PENDING,http://public.co.comal.tx.us/CaseDetail.aspx?CaseID=1169408,57,PROBATE|HIGH_AMOUNT,2026-09-26,EXISTING
2026PC0433,Letters Testamentary,PRO,Letters Testamentary,2026-09-17,Joe Horton Kennedy,,1757270.0,,,TX,,2229 LOMBARDY,New Braunfels,TX,78132,County Court at Law 3 - PB ACTIVE PENDING,http://public.co.comal.tx.us/CaseDetail.aspx?CaseID=1170014,57,PROBATE|HIGH_AMOUNT,2026-09-26,EXISTING
2026PC0437,Muniment of Title,PRO,Muniment of Title,2026-09-22,"Carol Diane Brown,AKA CAROL DIANE RIEK BROWN",,328010.0,,,TX,,5504 DEVONWOOD STREET,Cibolo,TX,78108,County Court at Law 2 - PB ACTIVE PENDING,http://public.co.comal.tx.us/CaseDetail.aspx?CaseID=1170428,57,PROBATE|HIGH_AMOUNT,2026-09-26,EXISTING
2026PC0443,Letters Testamentary,PRO,Letters Testamentary,2026-09-30,John Hugo Engelhardt,,2998820.0,,,TX,,PO BOX 187,Fischer,TX,78623,County Court at Law 3 - PB ACTIVE PENDING,http://public.co.comal.tx.us/CaseDetail.aspx?CaseID=1171486,57,PROBATE|HIGH_AMOUNT,2026-10-01,EXISTING
FCPDF-October-p6,NOTICE OF TRUSTEE SALE,FC,Trustee Sale Posting,2026-10-07,,,0.0,,,TX,,,,TX,,"OCR of posted notice, page 6",https://www.comalcounty.gov/DocumentCenter/View/8505/October-Foreclosure-Sales,55,FORECLOSURE|NEW_THIS_WEEK,2026-09-26,CHANGED
FCPDF-October-p20,NOTICE OF TRUSTEE SALE,FC,Trustee Sale Posting,2026-10-07,,,0.0,,,TX,,,,TX,,"OCR of posted notice, page 20",https://www.comalcounty.gov/DocumentCenter/View/8505/October-Foreclosure-Sales,55,FORECLOSURE|NEW_THIS_WEEK,2026-09-26,CHANGED
FCPDF-October-p73,NOTICE OF TRUSTEE SALE,FC,Trustee Sale Posting,2026-10-07,,,0.0,,,TX,,,,TX,,"OCR of posted notice, page 73",https://www.comalcounty.gov/DocumentCenter/View/8505/October-Foreclosure-Sales,55,FORECLOSURE|NEW_THIS_WEEK,2026-09-26,CHANGED
D3261133,Debt Claim,JUD,Debt Suit,2026-10-01,JOSEPH TAYLOR,"JPMORGAN CHASE BANK, N.A.",68300.0,,,TX,,2211 HORNED OWL ST,Grand Prairie,TX,75052,JP3 - Filed,http://public.co.comal.tx.us/CaseDetail.aspx?CaseID=1171622,53,JUDGMENT|MID_AMOUNT|NEW_THIS_WEEK,2026-10-02,EXISTING
D3261143,Debt Claim,JUD,Debt Suit,2026-10-01,Joseph Taylor,"JPMORGAN CHASE BANK, N.A.",68300.0,,,TX,,2211 HORNED OWL ST,Grand Prairie,TX,75052,JP3 - Filed,http://public.co.comal.tx.us/CaseDetail.aspx?CaseID=1171709,53,JUDGMENT|MID_AMOUNT|NEW_THIS_WEEK,2026-10-02,EXISTING
D3261126,Debt Claim,JUD,Debt Suit,2026-09-30,Joseph Taylor,"JPMORGAN CHASE BANK, N.A.",68300.0,,,TX,,2211 HORNED OWL ST,Grand Prairie,TX,75052,JP3 - Filed,http://public.co.comal.tx.us/CaseDetail.aspx?CaseID=1171575,48,JUDGMENT|MID_AMOUNT,2026-10-02,EXISTING
2026CV0641,Suits on Debt,JUD,Debt Suit,2026-10-01,April Campbell,CREDIT CORP SOLUTIONS INC,0.0,,,TX,,,,TX,,County Court at Law 2 - Filed,http://public.co.comal.tx.us/CaseDetail.aspx?CaseID=1171731,43,JUDGMENT|NEW_THIS_WEEK,2026-10-04,EXISTING
2026CV0643,Suits on Debt,JUD,Debt Suit,2026-10-01,LINDA NOWAK,"Capital One, N.A.",0.0,,,TX,,,,TX,,County Court at Law 1 - Filed,http://public.co.comal.tx.us/CaseDetail.aspx?CaseID=1171735,43,JUDGMENT|NEW_THIS_WEEK,2026-10-04,EXISTING
2026CV0644,Suits on Debt,JUD,Debt Suit,2026-10-01,BRANDON DE LA GARZA,"Capital One, N.a., Successor By Merger To Discover Bank",0.0,,,TX,,,,TX,,County Court at Law 2 - Filed,http://public.co.comal.tx.us/CaseDetail.aspx?CaseID=1171736,43,JUDGMENT|NEW_THIS_WEEK,2026-10-04,EXISTING
D226883,Debt Claim,JUD,Debt Suit,2026-10-01,Diana Laxton,Credit Corp Solutions Inc,0.0,,,TX,,,,TX,,JP2 - Filed,http://public.co.comal.tx.us/CaseDetail.aspx?CaseID=1171755,43,JUDGMENT|NEW_THIS_WEEK,2026-10-04,EXISTING
D226884,Debt Claim,JUD,Debt Suit,2026-10-01,Heidi Stone,"Capital One, N.a.",0.0,,,TX,,,,TX,,JP2 - Filed,http://public.co.comal.tx.us/CaseDetail.aspx?CaseID=1171757,43,JUDGMENT|NEW_THIS_WEEK,2026-10-04,EXISTING
D3261134,Debt Claim,JUD,Debt Suit,2026-10-01,Kimberley Hoffman,"Ceteris Portfolio Services,llc",0.0,,,TX,,,,TX,,JP3 - Filed,http://public.co.comal.tx.us/CaseDetail.aspx?CaseID=1171645,43,JUDGMENT|NEW_THIS_WEEK,2026-10-02,EXISTING
D3261135,Debt Claim,JUD,Debt Suit,2026-10-01,Shantel Houston,"Ceteris Portfolio Services,llc",0.0,,,TX,,,,TX,,JP3 - Filed,http://public.co.comal.tx.us/CaseDetail.aspx?CaseID=1171646,43,JUDGMENT|NEW_THIS_WEEK,2026-10-02,EXISTING
D3261136,Debt Claim,JUD,Debt Suit,2026-10-01,Ivan Gordillo,"Hs Financial Group, Llc",0.0,,,TX,,,,TX,,JP3 - Filed,http://public.co.comal.tx.us/CaseDetail.aspx?CaseID=1171648,43,JUDGMENT|NEW_THIS_WEEK,2026-10-02,EXISTING
D3261137,Debt Claim,JUD,Debt Suit,2026-10-01,"Ray Santoya,Tommy Santoya","Ceteris Portfolio Services,LLC",0.0,,,TX,,,,TX,,JP3 - Filed,http://public.co.comal.tx.us/CaseDetail.aspx?CaseID=1171680,43,JUDGMENT|NEW_THIS_WEEK,2026-10-02,EXISTING
D3261138,Debt Claim,JUD,Debt Suit,2026-10-01,MALLORY BRADBURY,"Td Bank Usa, N.a.",0.0,,,TX,,,,TX,,JP3 - Filed,http://public.co.comal.tx.us/CaseDetail.aspx?CaseID=1171682,43,JUDGMENT|NEW_THIS_WEEK,2026-10-02,EXISTING
D3261139,Debt Claim,JUD,Debt Suit,2026-10-01,Duaa Mahmud,"Capital One, N.a., Successor By Merger To Discover Bank",0.0,,,TX,,,,TX,,JP3 - Filed,http://public.co.comal.tx.us/CaseDetail.aspx?CaseID=1171685,43,JUDGMENT|NEW_THIS_WEEK,2026-10-02,EXISTING
D3261141,Debt Claim,JUD,Debt Suit,2026-10-01,Kimberly Brown,"Absolute Resolutions Investments, LLC",0.0,,,TX,,,,TX,,JP3 - Filed,http://public.co.comal.tx.us/CaseDetail.aspx?CaseID=1171707,43,JUDGMENT|NEW_THIS_WEEK,2026-10-02,EXISTING
D3261142,Debt Claim,JUD,Debt Suit,2026-10-01,GEORGE WILL,"Midland Credit Management, Inc.",0.0,,,TX,,,,TX,,JP3 - Filed,http://public.co.comal.tx.us/CaseDetail.aspx?CaseID=1171708,43,JUDGMENT|NEW_THIS_WEEK,2026-10-02,EXISTING
D3261144,Debt Claim,JUD,Debt Suit,2026-10-02,Monique Gallardo,"Hs Financial Group, Llc",0.0,,,TX,,,,TX,,JP3 - Filed,http://public.co.comal.tx.us/CaseDetail.aspx?CaseID=1171710,43,JUDGMENT|NEW_THIS_WEEK,2026-10-02,EXISTING
2026PC0361,Letters Testamentary,PRO,Letters Testamentary,2026-08-10,Marvin L Giambernardi,,0.0,,,TX,,,,TX,,County Court at Law 3 - PB ACTIVE NON - PENDING,http://public.co.comal.tx.us/CaseDetail.aspx?CaseID=1165365,42,PROBATE,2026-09-26,EXISTING
2026PC0362,Letters Testamentary,PRO,Letters Testamentary,2026-08-10,"Lynn Rogan Lowrey, Jr.",,0.0,,,TX,,,,TX,,County Court at Law 1 - PB ACTIVE NON - PENDING,http://public.co.comal.tx.us/CaseDetail.aspx?CaseID=1165396,42,PROBATE,2026-09-26,EXISTING
2026PC0365,Muniment of Title,PRO,Muniment of Title,2026-08-11,Norma May Allen,,0.0,,,TX,,,,TX,,County Court at Law 2 - Disposed,http://public.co.comal.tx.us/CaseDetail.aspx?CaseID=1165618,42,PROBATE,2026-09-26,EXISTING
2026PC0366,Letters Testamentary,PRO,Letters Testamentary,2026-08-11,Harold G Tuttle,,0.0,,,TX,,,,TX,,County Court at Law 3 - PB ACTIVE NON - PENDING,http://public.co.comal.tx.us/CaseDetail.aspx?CaseID=1165619,42,PROBATE,2026-09-26,EXISTING
2026PC0367,Letters Testamentary,PRO,Letters Testamentary,2026-08-11,Kenneth Lee Bishop,,0.0,,,TX,,,,TX,,County Court at Law 1 - PB ACTIVE NON - PENDING,http://public.co.comal.tx.us/CaseDetail.aspx?CaseID=1165623,42,PROBATE,2026-09-26,EXISTING
2026PC0368,Muniment of Title,PRO,Muniment of Title,2026-08-11,"ESTATE OFCamille Joseph Cutrona,AKA CAMILLE JOSEPH CUTRON,AKA CAMILLE J CUTRONA, DECEASED",,0.0,,,TX,,,,TX,,County Court at Law 2 - PB ACTIVE NON - PENDING,http://public.co.comal.tx.us/CaseDetail.aspx?CaseID=1165626,42,PROBATE,2026-09-26,EXISTING
2026PC0369,Administration-Independent,PRO,Administration-Independent,2026-08-11,Donald William Byrne,,0.0,,,TX,,,,TX,,County Court at Law 3 - PB ACTIVE PENDING,http://public.co.comal.tx.us/CaseDetail.aspx?CaseID=1165701,42,PROBATE,2026-09-26,EXISTING
2026PC0370,Muniment of Title,PRO,Muniment of Title,2026-08-11,"ESTATE OFJuanita Pruett, DECEASED",,0.0,,,TX,,,,TX,,County Court at Law 2 - Disposed,http://public.co.comal.tx.us/CaseDetail.aspx?CaseID=1165725,42,PROBATE,2026-09-26,EXISTING
2026PC0371,Muniment of Title,PRO,Muniment of Title,2026-08-11,James Harry Bligh,,0.0,,,TX,,,,TX,,County Court at Law 1 - PB ACTIVE PENDING,http://public.co.comal.tx.us/CaseDetail.aspx?CaseID=1165770,42,PROBATE,2026-09-26,EXISTING
2026PC0372,Letters Testamentary,PRO,Letters Testamentary,2026-08-12,Ronald Plessl,,0.0,,,TX,,,,TX,,County Court at Law 2 - PB ACTIVE PENDING,http://public.co.comal.tx.us/CaseDetail.aspx?CaseID=1165789,42,PROBATE,2026-09-26,EXISTING
2026PC0374,Muniment of Title,PRO,Muniment of Title,2026-08-12,"Oscar Lee Dupre, Jr.",,0.0,,,TX,,,,TX,,County Court at Law 1 - PB ACTIVE PENDING,http://public.co.comal.tx.us/CaseDetail.aspx?CaseID=1165858,42,PROBATE,2026-09-26,EXISTING
2026PC0376,Letters Testamentary,PRO,Letters Testamentary,2026-08-14,JOHN RALPH FLETCHER,,0.0,,,TX,,,,TX,,County Court at Law 3 - Dismissed,http://public.co.comal.tx.us/CaseDetail.aspx?CaseID=1166081,42,PROBATE,2026-09-26,EXISTING
2026PC0379,Letters Testamentary,PRO,Letters Testamentary,2026-08-17,JERRY JOE SHUBERT,,0.0,,,TX,,,,TX,,County Court at Law 3 - PB ACTIVE NON - PENDING,http://public.co.comal.tx.us/CaseDetail.aspx?CaseID=1166342,42,PROBATE,2026-09-26,EXISTING
2026PC0380,Muniment of Title,PRO,Muniment of Title,2026-08-17,Lelia Irene Guerra,,0.0,,,TX,,,,TX,,County Court at Law 1 - PB ACTIVE PENDING,http://public.co.comal.tx.us/CaseDetail.aspx?CaseID=1166354,42,PROBATE,2026-09-26,EXISTING
2026PC0381,Letters Testamentary,PRO,Letters Testamentary,2026-08-17,Leonard F Jay,,0.0,,,TX,,,,TX,,County Court at Law 2 - PB ACTIVE PENDING,http://public.co.comal.tx.us/CaseDetail.aspx?CaseID=1166357,42,PROBATE,2026-09-26,EXISTING
2026PC0382,Administration-Independent,PRO,Administration-Independent,2026-08-18,WADE COVINGTON LIVELY,,0.0,,,TX,,,,TX,,County Court at Law 3 - PB ACTIVE PENDING,http://public.co.comal.tx.us/CaseDetail.aspx?CaseID=1166378,42,PROBATE,2026-09-26,EXISTING
2026PC0383,Other Probate,PRO,Other Probate,2026-08-18,Christopher Reed Chambless,,0.0,,,TX,,,,TX,,County Court at Law 1 - PB ACTIVE PENDING,http://public.co.comal.tx.us/CaseDetail.aspx?CaseID=1166383,42,PROBATE,2026-09-26,EXISTING
2026PC0384,Letters Testamentary,PRO,Letters Testamentary,2026-08-18,Emmanuel C Valencia,,0.0,,,TX,,,,TX,,County Court at Law 2 - PB ACTIVE NON - PENDING,http://public.co.comal.tx.us/CaseDetail.aspx?CaseID=1166392,42,PROBATE,2026-09-26,EXISTING
2026PC0385,Muniment of Title,PRO,Muniment of Title,2026-08-19,CATALINA NIEGOS ANCHETA,,0.0,,,TX,,,,TX,,County Court at Law 3 - PB ACTIVE PENDING,http://public.co.comal.tx.us/CaseDetail.aspx?CaseID=1166510,42,PROBATE,2026-09-26,EXISTING
2026PC0390,Letters Testamentary,PRO,Letters Testamentary,2026-08-24,"Nancy L Wilkins,AKA NANCY LEE WILKINS",,0.0,,,TX,,,,TX,,County Court at Law 3 - PB ACTIVE NON - PENDING,http://public.co.comal.tx.us/CaseDetail.aspx?CaseID=1166962,42,PROBATE,2026-09-26,EXISTING
2026PC0391,Letters Testamentary,PRO,Letters Testamentary,2026-08-24,Paul Norton Deltz,,0.0,,,TX,,,,TX,,County Court at Law 1 - PB ACTIVE NON - PENDING,http://public.co.comal.tx.us/CaseDetail.aspx?CaseID=1167050,42,PROBATE,2026-09-26,EXISTING
2026PC0393,Muniment of Title,PRO,Muniment of Title,2026-08-25,"ESTATE OFCharlotte Springer Muniz, DECEASED",,0.0,,,TX,,,,TX,,County Court at Law 3 - PB ACTIVE NON - PENDING,http://public.co.comal.tx.us/CaseDetail.aspx?CaseID=1167084,42,PROBATE,2026-09-26,EXISTING
2026PC0394,Letters Testamentary,PRO,Letters Testamentary,2026-08-25,"Cleta Joy Duncan,AKA JOY DUNCAN,AKA CLETA J DUNCAN",,0.0,,,TX,,,,TX,,County Court at Law 2 - PB ACTIVE NON - PENDING,http://public.co.comal.tx.us/CaseDetail.aspx?CaseID=1167214,42,PROBATE,2026-09-26,EXISTING
2026PC0396,Letters Testamentary,PRO,Letters Testamentary,2026-08-26,WILLIAM SANFORD GRIGGS,,0.0,,,TX,,,,TX,,County Court at Law 1 - PB ACTIVE PENDING,http://public.co.comal.tx.us/CaseDetail.aspx?CaseID=1167313,42,PROBATE,2026-09-26,EXISTING
2026PC0397,Letters Testamentary,PRO,Letters Testamentary,2026-08-27,"Paul C Bezinque,AKA PAUL CURTIS BEZINQUE",,0.0,,,TX,,,,TX,,County Court at Law 3 - PB ACTIVE PENDING,http://public.co.comal.tx.us/CaseDetail.aspx?CaseID=1167407,42,PROBATE,2026-09-26,EXISTING
2026PC0398,Administration-Independent,PRO,Administration-Independent,2026-08-27,"Daniel Victor Rosu,AKA DANIEL V ROSU",,0.0,,,TX,,,,TX,,County Court at Law 2 - PB ACTIVE PENDING,http://public.co.comal.tx.us/CaseDetail.aspx?CaseID=1167509,42,PROBATE,2026-09-26,EXISTING
2026PC0402,Letters Testamentary,PRO,Letters Testamentary,2026-09-01,Kristie Lee Metting,,0.0,,,TX,,,,TX,,County Court at Law 3 - PB ACTIVE PENDING,http://public.co.comal.tx.us/CaseDetail.aspx?CaseID=1168024,42,PROBATE,2026-09-26,EXISTING
2026PC0403,Letters Testamentary,PRO,Letters Testamentary,2026-09-02,Sylvia E Wakeham,,0.0,,,TX,,,,TX,,County Court at Law 1 - PB ACTIVE NON - PENDING,http://public.co.comal.tx.us/CaseDetail.aspx?CaseID=1168032,42,PROBATE,2026-09-26,EXISTING
2026PC0404,Letters Testamentary,PRO,Letters Testamentary,2026-09-02,Mary Ann Wiseman Simpson,,0.0,,,TX,,,,TX,,County Court at Law 2 - PB ACTIVE PENDING,http://public.co.comal.tx.us/CaseDetail.aspx?CaseID=1168035,42,PROBATE,2026-09-26,EXISTING
2026PC0405,Letters Testamentary,PRO,Letters Testamentary,2026-09-02,MARY GAYLE MORGAN,,0.0,,,TX,,,,TX,,County Court at Law 3 - PB ACTIVE NON - PENDING,http://public.co.comal.tx.us/CaseDetail.aspx?CaseID=1168055,42,PROBATE,2026-09-26,EXISTING
2026PC0406,Letters Testamentary,PRO,Letters Testamentary,2026-09-02,CAROLINE C HEIMER,,0.0,,,TX,,,,TX,,County Court at Law 1 - PB ACTIVE NON - PENDING,http://public.co.comal.tx.us/CaseDetail.aspx?CaseID=1168129,42,PROBATE,2026-09-26,CHANGED
2026PC0407,Muniment of Title,PRO,Muniment of Title,2026-09-02,"ESTATE OFBARBARA IRENE PORRITT LEMING,AKA BARBARA IRENE LEMING,AKA BARBARA PORRITT LEMING, DECEASED",,0.0,,,TX,,,,TX,,County Court at Law 2 - Disposed,http://public.co.comal.tx.us/CaseDetail.aspx?CaseID=1168136,42,PROBATE,2026-09-26,EXISTING
2026PC0408,Muniment of Title,PRO,Muniment of Title,2026-09-02,"ESTATE OFHenry Ziegler, DECEASED",,0.0,,,TX,,,,TX,,County Court at Law 3 - PB ACTIVE PENDING,http://public.co.comal.tx.us/CaseDetail.aspx?CaseID=1168143,42,PROBATE,2026-09-26,EXISTING
2026PC0412,Letters Testamentary,PRO,Letters Testamentary,2026-09-04,Josephine Anne Jauregui,,0.0,,,TX,,,,TX,,County Court at Law 1 - PB ACTIVE PENDING,http://public.co.comal.tx.us/CaseDetail.aspx?CaseID=1168674,42,PROBATE,2026-09-26,EXISTING
2026PC0415,Letters Testamentary,PRO,Letters Testamentary,2026-09-08,"Judy Serene Janney,AKA JUDITH GAY JANNEY",,0.0,,,TX,,,,TX,,County Court at Law 1 - PB ACTIVE NON - PENDING,http://public.co.comal.tx.us/CaseDetail.aspx?CaseID=1168776,42,PROBATE,2026-09-26,EXISTING
2026PC0418,Letters Testamentary,PRO,Letters Testamentary,2026-09-08,Michelle Jackson,,0.0,,,TX,,,,TX,,County Court at Law 1 - PB ACTIVE PENDING,http://public.co.comal.tx.us/CaseDetail.aspx?CaseID=1168797,42,PROBATE,2026-09-26,EXISTING
2026PC0420,Administration-Independent,PRO,Administration-Independent,2026-09-11,Michael Arden St. Clair,,0.0,,,TX,,,,TX,,County Court at Law 1 - PB ACTIVE PENDING,http://public.co.comal.tx.us/CaseDetail.aspx?CaseID=1169161,42,PROBATE,2026-09-26,EXISTING
2026PC0421,Heirship,PRO,Heirship,2026-09-11,WILLIAM D WHITFIELD,,0.0,,,TX,,,,TX,,County Court at Law 2 - PB ACTIVE PENDING,http://public.co.comal.tx.us/CaseDetail.aspx?CaseID=1169313,42,PROBATE,2026-09-26,EXISTING
2026PC0425,Letters Testamentary,PRO,Letters Testamentary,2026-09-15,"Steven R Hook,AKA STEVEN ROLAND HOOK",,0.0,,,TX,,,,TX,,County Court at Law 1 - PB ACTIVE PENDING,http://public.co.comal.tx.us/CaseDetail.aspx?CaseID=1169558,42,PROBATE,2026-09-26,EXISTING
2026PC0427,Letters Testamentary,PRO,Letters Testamentary,2026-09-16,GEORGE HARRY MOORE,,0.0,,,TX,,,,TX,,County Court at Law 3 - PB ACTIVE PENDING,http://public.co.comal.tx.us/CaseDetail.aspx?CaseID=1169716,42,PROBATE,2026-09-26,EXISTING
2026PC0429,Letters Testamentary,PRO,Letters Testamentary,2026-09-17,"NANCY TRISKA TILLER,AKA NANCY MARIE TILLER",,0.0,,,TX,,,,TX,,County Court at Law 2 - PB ACTIVE PENDING,http://public.co.comal.tx.us/CaseDetail.aspx?CaseID=1169907,42,PROBATE,2026-09-26,EXISTING
2026PC0430,Letters Testamentary,PRO,Letters Testamentary,2026-09-17,DONNA L DISHMAN,,0.0,,,TX,,,,TX,,County Court at Law 3 - PB ACTIVE PENDING,http://public.co.comal.tx.us/CaseDetail.aspx?CaseID=1169959,42,PROBATE,2026-09-26,EXISTING
2026PC0432,Letters Testamentary,PRO,Letters Testamentary,2026-09-17,"Larry Dwayne Wickwar,AKA LARRY D WICKWAR",,0.0,,,TX,,,,TX,,County Court at Law 2 - PB ACTIVE PENDING,http://public.co.comal.tx.us/CaseDetail.aspx?CaseID=1170012,42,PROBATE,2026-09-26,EXISTING
2026PC0434,Letters Testamentary,PRO,Letters Testamentary,2026-09-18,"Raiford Michael Ziegler, Jr.,AKA R MICHAEL ZIEGLER",,0.0,,,TX,,,,TX,,County Court at Law 1 - PB ACTIVE PENDING,http://public.co.comal.tx.us/CaseDetail.aspx?CaseID=1170093,42,PROBATE,2026-09-26,EXISTING
2026PC0435,Letters Testamentary,PRO,Letters Testamentary,2026-09-18,"Richard A Achilles, Jr.,AKA RICHARD ARNOLD ACHILLES, Jr.",,0.0,,,TX,,,,TX,,County Court at Law 2 - PB ACTIVE PENDING,http://public.co.comal.tx.us/CaseDetail.aspx?CaseID=1170096,42,PROBATE,2026-09-26,EXISTING
2026PC0436,Letters Testamentary,PRO,Letters Testamentary,2026-09-21,Larry J Erben,,0.0,,,TX,,,,TX,,County Court at Law 3 - PB ACTIVE PENDING,http://public.co.comal.tx.us/CaseDetail.aspx?CaseID=1170307,42,PROBATE,2026-09-26,EXISTING
2026PC0438,Letters Testamentary,PRO,Letters Testamentary,2026-09-22,"David Alfred Newby,AKA DAVE NEWBY",,0.0,,,TX,,,,TX,,County Court at Law 1 - PB ACTIVE PENDING,http://public.co.comal.tx.us/CaseDetail.aspx?CaseID=1170602,42,PROBATE,2026-09-26,EXISTING
2026PC0439,Letters Testamentary,PRO,Letters Testamentary,2026-09-23,"Ruth A Morgan-Palmer,AKA RUTH ANN MORGAN-PALMER,AKA ANDIE PALMER,AKA RUTH ANN ROSENLUND",,0.0,,,TX,,,,TX,,County Court at Law 3 - PB ACTIVE PENDING,http://public.co.comal.tx.us/CaseDetail.aspx?CaseID=1170713,42,PROBATE,2026-09-26,EXISTING
2026PC0442,Letters Testamentary,PRO,Letters Testamentary,2026-09-29,Barbara Grover Morris,,0.0,,,TX,,,,TX,,County Court at Law 2 - PB ACTIVE PENDING,http://public.co.comal.tx.us/CaseDetail.aspx?CaseID=1171320,42,PROBATE,2026-09-30,EXISTING
2026PC0445,Letters Testamentary,PRO,Letters Testamentary,2026-09-30,"Lisa Gail Gibbens,AKA L G GIBBENS,AKA LISA CARTER GIBBENS,AKA LISA G GIBBENS,AKA LISA GIBBENS",,0.0,,,TX,,,,TX,,County Court at Law 2 - PB ACTIVE PENDING,http://public.co.comal.tx.us/CaseDetail.aspx?CaseID=1171500,42,PROBATE,2026-10-01,EXISTING
2026CV0634,Suits on Debt,JUD,Debt Suit,2026-09-30,Cheyenne Jackson,"Ceteris Portfolio Services, LLC",0.0,,,TX,,,,TX,,County Court at Law 1 - Filed,http://public.co.comal.tx.us/CaseDetail.aspx?CaseID=1171366,38,JUDGMENT,2026-10-02,EXISTING
2026CV0639,Suits on Debt,JUD,Debt Suit,2026-09-30,"COMPASS LANDSCAPING LLC, GABRIEL CARDENAS","SITEONE LANDSCAPE SUPPLY, LLC",0.0,,,TX,,,,TX,,County Court at Law 3 - Filed,http://public.co.comal.tx.us/CaseDetail.aspx?CaseID=1171464,38,JUDGMENT,2026-10-02,EXISTING
D226881,Debt Claim,JUD,Debt Suit,2026-09-30,"Mario Gutierrez, IV","Capital One, N.a., Successor By Merger To Discover Bank",0.0,,,TX,,,,TX,,JP2 - Filed,http://public.co.comal.tx.us/CaseDetail.aspx?CaseID=1171751,38,JUDGMENT,2026-10-04,EXISTING
D3261127,Debt Claim,JUD,Debt Suit,2026-09-30,"Sarah Garza,Albert Garza","HS Financial Group, LLC",0.0,,,TX,,,,TX,,JP3 - Filed,http://public.co.comal.tx.us/CaseDetail.aspx?CaseID=1171577,38,JUDGMENT,2026-10-02,EXISTING
D3261128,Debt Claim,JUD,Debt Suit,2026-09-30,Savannah Andrews,Credit Corp Solutions Inc.,0.0,,,TX,,,,TX,,JP3 - Filed,http://public.co.comal.tx.us/CaseDetail.aspx?CaseID=1171578,38,JUDGMENT,2026-10-02,EXISTING
D3261130,Debt Claim,JUD,Debt Suit,2026-09-30,Sabrina Velarde,Portfolio Recovery Associates Llc,0.0,,,TX,,,,TX,,JP3 - Filed,http://public.co.comal.tx.us/CaseDetail.aspx?CaseID=1171580,38,JUDGMENT,2026-10-02,EXISTING
D3261132,Debt Claim,JUD,Debt Suit,2026-09-30,Aubriana Montoya,"Velocity Investments, Llc",0.0,,,TX,,,,TX,,JP3 - Filed,http://public.co.comal.tx.us/CaseDetail.aspx?CaseID=1171582,38,JUDGMENT,2026-10-02,EXISTING
