First Name,Last Name,Mailing Address,Mailing City,Mailing State,Mailing Zip,Property Address,Property City,Property State,Property Zip
Aka Karl A Schozle,Karl Adolph Scholze,9349 GARDEN RIDGE DR,San Antonio,TX,78266,9349 GARDEN RIDGE,Garden Ridge,TX,78266
Jack,Miguez,359 S CHESTNUT AVE,New Braunfels,TX,78130,359 S CHESTNUT,New Braunfels,TX,78130
Edwin,Warren,30454 CLOUD VIEW DR,Bulverde,TX,78163,30454 CLOUD VIEW,Bulverde,TX,78163
Jr.,Lewis Paul Sarkozi,171 LOUISIANA AVE,New Braunfels,TX,78130,171 LOUISIANA,New Braunfels,TX,78130
Jr.,Anthony Wayne Cloudt,10310 HUNTERS PATH,New Braunfels,TX,78132,10310 HUNTERS PATH,New Braunfels,TX,78132
Jeffrey,Washburn,3529 MARVEL,Bulverde,TX,78163,3529 MARVEL,Bulverde,TX,78163
Yadira,Medina,111 CRANE CIR,Spring Branch,TX,78070,111 CRANE,Spring Branch,TX,78070
Karine,Turmel,1314 ECHO MEADOW LANE,Spring Branch,TX,78070,1314 ECHO MEADOW,Spring Branch,TX,78070
Tracey,Pacheco,715 MYRTLE PATH,New Braunfels,TX,78130,715 MYRTLE PATH,New Braunfels,TX,78130
Aka Stanley R Karlow,Stanley Robert Karlow,310 SHEPHERD RANCH,Bulverde,TX,78163,3442 COTTONWOOD CANYON,Bulverde,TX,78163
Henry,Walter,431 CIELO VISTA,Canyon Lake,TX,78133,431 CIELO VISTA,Canyon Lake,TX,78133
Shirley,Spinney,1030 CLOVER CIR,New Braunfels,TX,78130,1030 CLOVER,New Braunfels,TX,78130
Dale,Force,4130 DAY DR,San Marcos,TX,78666,4130 DAY,San Marcos,TX,78666
Robert,Mccurry,27606 FELS MAUER BLVD,New Braunfels,TX,78132,27606 FELS MAUER,New Braunfels,TX,78132
Betsy,Buhler,30643 SIDE SADDLE RD,Bulverde,TX,78163,30643 SIDE SADDLE,Bulverde,TX,78163
Jon,Bruckman,2037 ROBIN HOOD DR,Canyon Lake,TX,78133,2037 ROBINHOOD,Canyon Lake,TX,78133
Laurie,Jasinski,24 RIDGE DR,New Braunfels,TX,78130,24 RIDGE,New Braunfels,TX,78130
Donald,Steele,777 TULSA TRL,New Braunfels,TX,78132,777 TULSA TRL,New Braunfels,TX,78132
Wayne,Metting,32204 CARDAMOM WAY,Bulverde,TX,78163,32204 CARDAMOM,Bulverde,TX,78163
David,Mack,DAVID R MACK TRUSTEE,Fair Oaks Ranch,TX,78015,7710 INTREPID,Boerne,TX,78015
G,Jessie,385 LOCKENER AVE,New Braunfels,TX,78130,385 LOCKENER,New Braunfels,TX,78130
Sue,Linda,651 NW CROSSING DR,New Braunfels,TX,78130,651 NORTHWEST CROSSING,New Braunfels,TX,78130
Theodore,Vervais,314 MARTIN DR,Aptos,CA,95003,2208 GRANADA HILLS,New Braunfels,TX,78132
Jr.,Thomas F Guise,3901 BEAVER CRK,Schertz,TX,78108,3901 BEAVER CRK,Schertz,TX,78108
Robert,Carpenter,1143 POWDER RIDGE,New Braunfels,TX,78132,1135 POWDER RIDGE RD,New Braunfels,TX,78132
Aka Pamela Hicks,Pamela Hood Hicks,571 WILD TURKEY RUN,New Braunfels,TX,78132,571 WILD TURKEY RUN,New Braunfels,TX,78132
Aka Sidney Earl Bemus,Sid Bemus,824 MERCURY DR,Canyon Lake,TX,78133,824 MERCURY DR,Canyon Lake,TX,78133
Rita,Hill,1289 AMANDA,Canyon Lake,TX,78133,1289 AMANDA,Canyon Lake,TX,78133
Linda,Fox,3041 ROLLING OAKS DR,New Braunfels,TX,78132,3041 ROLLING OAKS,New Braunfels,TX,78132
Bruce,Conklin,612 WINDMILL RANCH RD,Spring Branch,TX,78070,612 WINDMILL RANCH,Spring Branch,TX,78070
James,Difazzio,276 TOUCAN DRIVE,Spring Branch,TX,78070,276 TOUCAN,Spring Branch,TX,78070
Donald,Kiesling,1053 SIXTREE DRIVE,New Braunfels,TX,78130,,,TX,
Jean,Adams,JEAN A ADAMS TR,New Braunfels,TX,78132,,,TX,
Castaneda,Cristino,265 S END AVE,New Braunfels,TX,78130,,,TX,
Christopher,Clark,378 NORTHSHORE TRL,New Braunfels,TX,78130,,,TX,
Kermit,Vetter,25245 MICKESCH LN,New Braunfels,TX,78132,,,TX,
Aka Joyce B Kalthoff,Joyce Evelyn Barnett Kalthoff,1151 COUNTRY LIVING RD,Baker,FL,32531,1143 PARTON,Canyon Lake,TX,78133
Charles,Ricketts,441 RED ROSE ST,Spring Branch,TX,78070,,,TX,
Robert,Gunn,828 GHOST DANCER,Fischer,TX,78623,,,TX,
Joe,Kennedy,2229 LOMBARDY,New Braunfels,TX,78132,,,TX,
Aka Carol Diane Riek Brown,Carol Diane Brown,5504 DEVONWOOD STREET,Cibolo,TX,78108,,,TX,
John,Engelhardt,PO BOX 187,Fischer,TX,78623,,,TX,
,,,,TX,,,,TX,
The,Lecompte-Diggins,,,TX,,,,TX,
Aka George J Van Kleef,George Jefferson Van Kleef,,,TX,,,,TX,
Carl,Leslie,,,TX,,,,TX,
Shon,Warren,,,TX,,,,TX,
Anthony,Suarez,,,TX,,,,TX,
Tammy,Badeaux,,,TX,,,,TX,
Geraldine,Paddock,,,TX,,,,TX,
James,Shew,,,TX,,,,TX,
Heather,Weber,,,TX,,,,TX,
Jesse,Bennett,,,TX,,,,TX,
Cynthia,Berry,,,TX,,,,TX,
Roland,Iii,,,TX,,,,TX,
Ray,Perkins,,,TX,,,,TX,
Norma,Allen,,,TX,,,,TX,
Harold,Tuttle,,,TX,,,,TX,
Kenneth,Bishop,,,TX,,,,TX,
"Aka Camille Joseph Cutron,Aka Camille J Cutrona, Deceased",Estate Ofcamille Joseph Cutrona,,,TX,,,,TX,
Donald,Byrne,,,TX,,,,TX,
Deceased,Estate Ofjuanita Pruett,,,TX,,,,TX,
James,Bligh,,,TX,,,,TX,
Ronald,Plessl,,,TX,,,,TX,
Jr.,Oscar Lee Dupre,,,TX,,,,TX,
Ralph,John,,,TX,,,,TX,
Joe,Jerry,,,TX,,,,TX,
Lelia,Guerra,,,TX,,,,TX,
Leonard,Jay,,,TX,,,,TX,
Covington,Wade,,,TX,,,,TX,
Christopher,Chambless,,,TX,,,,TX,
Emmanuel,Valencia,,,TX,,,,TX,
Niegos,Catalina,,,TX,,,,TX,
Aka Nancy Lee Wilkins,Nancy L Wilkins,,,TX,,,,TX,
Paul,Deltz,,,TX,,,,TX,
Deceased,Estate Ofcharlotte Springer Muniz,,,TX,,,,TX,
"Aka Joy Duncan,Aka Cleta J Duncan",Cleta Joy Duncan,,,TX,,,,TX,
Sanford,William,,,TX,,,,TX,
Aka Paul Curtis Bezinque,Paul C Bezinque,,,TX,,,,TX,
Aka Daniel V Rosu,Daniel Victor Rosu,,,TX,,,,TX,
Kristie,Metting,,,TX,,,,TX,
Sylvia,Wakeham,,,TX,,,,TX,
Mary,Simpson,,,TX,,,,TX,
Gayle,Mary,,,TX,,,,TX,
C,Caroline,,,TX,,,,TX,
"Aka Barbara Irene Leming,Aka Barbara Porritt Leming, Deceased",Estate Ofbarbara Irene Porritt Leming,,,TX,,,,TX,
Deceased,Estate Ofhenry Ziegler,,,TX,,,,TX,
Josephine,Jauregui,,,TX,,,,TX,
Aka Judith Gay Janney,Judy Serene Janney,,,TX,,,,TX,
Michelle,Jackson,,,TX,,,,TX,
Michael,Clair,,,TX,,,,TX,
D,William,,,TX,,,,TX,
Aka Steven Roland Hook,Steven R Hook,,,TX,,,,TX,
Harry,George,,,TX,,,,TX,
Aka Nancy Marie Tiller,Nancy Triska Tiller,,,TX,,,,TX,
L,Donna,,,TX,,,,TX,
Dale,Hemsell,,,TX,,,,TX,
Aka Larry D Wickwar,Larry Dwayne Wickwar,,,TX,,,,TX,
"Jr.,Aka R Michael Ziegler",Raiford Michael Ziegler,,,TX,,,,TX,
"Jr.,Aka Richard Arnold Achilles, Jr.",Richard A Achilles,,,TX,,,,TX,
Larry,Erben,,,TX,,,,TX,
Aka Dave Newby,David Alfred Newby,,,TX,,,,TX,
"Aka Ruth Ann Morgan-Palmer,Aka Andie Palmer,Aka Ruth Ann Rosenlund",Ruth A Morgan-Palmer,,,TX,,,,TX,
Barbara,Morris,,,TX,,,,TX,
"Aka L G Gibbens,Aka Lisa Carter Gibbens,Aka Lisa G Gibbens,Aka Lisa Gibbens",Lisa Gail Gibbens,,,TX,,,,TX,
